X,Y1,Y2,Y3,Y4
121,0.0020408163265306124,0.0,0.0,0.0
242,0.0020408163265306124,0.0,0.002,0.0
367,0.0020408163265306124,0.0,0.002,0.0
485,0.004081632653061225,0.009433962264150943,0.004,0.0
608,0.004081632653061225,0.009433962264150943,0.004,0.0
731,0.00816326530612245,0.009433962264150943,0.006,0.01
850,0.01020408163265306,0.018867924528301886,0.006,0.01
966,0.01020408163265306,0.018867924528301886,0.008,0.01
1089,0.01020408163265306,0.018867924528301886,0.008,0.01
1204,0.01020408163265306,0.018867924528301886,0.008,0.01
1323,0.01020408163265306,0.018867924528301886,0.008,0.01
1446,0.01020408163265306,0.018867924528301886,0.008,0.01
1568,0.01020408163265306,0.018867924528301886,0.008,0.01
1680,0.01020408163265306,0.018867924528301886,0.01,0.01
1797,0.01020408163265306,0.018867924528301886,0.01,0.01
1916,0.01020408163265306,0.018867924528301886,0.01,0.01
2033,0.01020408163265306,0.018867924528301886,0.01,0.01
2152,0.012244897959183673,0.018867924528301886,0.01,0.01
2273,0.012244897959183673,0.018867924528301886,0.01,0.01
2382,0.014285714285714285,0.018867924528301886,0.012,0.01
2494,0.014285714285714285,0.018867924528301886,0.012,0.01
2609,0.0163265306122449,0.018867924528301886,0.012,0.01
2729,0.0163265306122449,0.018867924528301886,0.012,0.01
2854,0.018367346938775512,0.018867924528301886,0.012,0.01
2966,0.018367346938775512,0.018867924528301886,0.012,0.01
3086,0.02040816326530612,0.018867924528301886,0.012,0.01
3198,0.02040816326530612,0.018867924528301886,0.012,0.01
3313,0.02040816326530612,0.018867924528301886,0.012,0.01
3428,0.022448979591836733,0.018867924528301886,0.014,0.01
3545,0.022448979591836733,0.018867924528301886,0.014,0.01
3657,0.022448979591836733,0.018867924528301886,0.014,0.01
3774,0.022448979591836733,0.018867924528301886,0.016,0.01
3883,0.024489795918367346,0.018867924528301886,0.016,0.01
3999,0.024489795918367346,0.018867924528301886,0.016,0.01
4112,0.024489795918367346,0.018867924528301886,0.016,0.01
4227,0.024489795918367346,0.018867924528301886,0.016,0.01
4340,0.026530612244897958,0.018867924528301886,0.016,0.01
4451,0.026530612244897958,0.018867924528301886,0.016,0.01
4571,0.026530612244897958,0.018867924528301886,0.016,0.01
4688,0.026530612244897958,0.018867924528301886,0.016,0.01
4798,0.02857142857142857,0.018867924528301886,0.016,0.01
4912,0.02857142857142857,0.018867924528301886,0.016,0.01
5019,0.02857142857142857,0.018867924528301886,0.018,0.01
5133,0.02857142857142857,0.018867924528301886,0.018,0.01
5246,0.02857142857142857,0.018867924528301886,0.018,0.01
5357,0.02857142857142857,0.018867924528301886,0.018,0.01
5470,0.030612244897959183,0.018867924528301886,0.018,0.01
5583,0.0326530612244898,0.018867924528301886,0.018,0.01
5694,0.0326530612244898,0.018867924528301886,0.018,0.01
5809,0.03469387755102041,0.018867924528301886,0.018,0.01
5927,0.036734693877551024,0.018867924528301886,0.022,0.01
6045,0.036734693877551024,0.018867924528301886,0.022,0.01
6149,0.036734693877551024,0.018867924528301886,0.022,0.01
6256,0.036734693877551024,0.018867924528301886,0.022,0.01
6366,0.03877551020408163,0.018867924528301886,0.022,0.01
6470,0.03877551020408163,0.018867924528301886,0.022,0.01
6578,0.03877551020408163,0.018867924528301886,0.022,0.01
6685,0.03877551020408163,0.018867924528301886,0.022,0.01
6796,0.04081632653061224,0.018867924528301886,0.022,0.01
6914,0.04081632653061224,0.018867924528301886,0.022,0.01
7028,0.04081632653061224,0.018867924528301886,0.024,0.01
7128,0.04081632653061224,0.018867924528301886,0.024,0.01
7230,0.044897959183673466,0.02830188679245283,0.024,0.01
7342,0.04693877551020408,0.02830188679245283,0.024,0.01
7452,0.04693877551020408,0.02830188679245283,0.024,0.01
7563,0.04693877551020408,0.02830188679245283,0.024,0.01
7670,0.04693877551020408,0.02830188679245283,0.024,0.01
7778,0.04897959183673469,0.03773584905660377,0.026,0.01
7885,0.053061224489795916,0.03773584905660377,0.026,0.01
8000,0.05510204081632653,0.03773584905660377,0.026,0.01
8104,0.05510204081632653,0.03773584905660377,0.028,0.01
8208,0.05510204081632653,0.03773584905660377,0.028,0.01
8313,0.05510204081632653,0.03773584905660377,0.028,0.01
8421,0.05510204081632653,0.03773584905660377,0.028,0.01
8531,0.05510204081632653,0.03773584905660377,0.028,0.01
8637,0.05510204081632653,0.03773584905660377,0.028,0.01
8742,0.05510204081632653,0.03773584905660377,0.028,0.01
8852,0.05510204081632653,0.03773584905660377,0.028,0.01
8967,0.05510204081632653,0.03773584905660377,0.032,0.01
9072,0.05510204081632653,0.03773584905660377,0.032,0.01
9171,0.05510204081632653,0.03773584905660377,0.032,0.01
9277,0.05918367346938776,0.03773584905660377,0.034,0.01
9379,0.05918367346938776,0.03773584905660377,0.034,0.01
9483,0.05918367346938776,0.03773584905660377,0.034,0.01
9589,0.05918367346938776,0.03773584905660377,0.034,0.01
9688,0.05918367346938776,0.03773584905660377,0.034,0.01
9792,0.061224489795918366,0.03773584905660377,0.038,0.01
9893,0.061224489795918366,0.03773584905660377,0.038,0.01
10008,0.061224489795918366,0.03773584905660377,0.038,0.01
10106,0.06326530612244897,0.03773584905660377,0.038,0.01
10212,0.06326530612244897,0.03773584905660377,0.038,0.01
10314,0.06326530612244897,0.03773584905660377,0.038,0.01
10404,0.0653061224489796,0.03773584905660377,0.038,0.01
10501,0.0673469387755102,0.03773584905660377,0.038,0.01
10610,0.0673469387755102,0.03773584905660377,0.038,0.01
10706,0.0673469387755102,0.03773584905660377,0.038,0.01
10820,0.0673469387755102,0.03773584905660377,0.042,0.01
10921,0.06938775510204082,0.03773584905660377,0.044,0.01
11025,0.07142857142857142,0.03773584905660377,0.044,0.01
11125,0.07346938775510205,0.04716981132075472,0.046,0.01
11236,0.07346938775510205,0.04716981132075472,0.046,0.01
11333,0.07551020408163266,0.04716981132075472,0.046,0.01
11436,0.07755102040816327,0.04716981132075472,0.048,0.01
11538,0.07755102040816327,0.04716981132075472,0.05,0.01
11642,0.07959183673469387,0.04716981132075472,0.05,0.01
11744,0.07959183673469387,0.04716981132075472,0.052,0.01
11846,0.07959183673469387,0.04716981132075472,0.052,0.01
11942,0.07959183673469387,0.04716981132075472,0.052,0.01
12048,0.07959183673469387,0.04716981132075472,0.054,0.01
12143,0.07959183673469387,0.04716981132075472,0.058,0.01
12247,0.07959183673469387,0.04716981132075472,0.06,0.01
12348,0.07959183673469387,0.04716981132075472,0.06,0.01
12451,0.07959183673469387,0.04716981132075472,0.06,0.01
12540,0.07959183673469387,0.04716981132075472,0.06,0.01
12642,0.08163265306122448,0.04716981132075472,0.06,0.01
12739,0.08163265306122448,0.04716981132075472,0.06,0.01
12840,0.08571428571428572,0.04716981132075472,0.062,0.01
12941,0.08775510204081632,0.04716981132075472,0.062,0.01
13045,0.08775510204081632,0.04716981132075472,0.062,0.01
13141,0.08979591836734693,0.04716981132075472,0.062,0.01
13235,0.08979591836734693,0.04716981132075472,0.062,0.01
13335,0.09183673469387756,0.04716981132075472,0.062,0.01
13434,0.09183673469387756,0.04716981132075472,0.064,0.01
13539,0.09387755102040816,0.04716981132075472,0.068,0.01
13636,0.09387755102040816,0.04716981132075472,0.068,0.01
13722,0.09387755102040816,0.04716981132075472,0.068,0.01
13811,0.09795918367346938,0.04716981132075472,0.068,0.01
13907,0.09795918367346938,0.04716981132075472,0.068,0.01
13999,0.10204081632653061,0.0660377358490566,0.068,0.01
14088,0.10204081632653061,0.0660377358490566,0.068,0.01
14190,0.10408163265306122,0.0660377358490566,0.068,0.01
14284,0.10816326530612246,0.0660377358490566,0.07,0.01
14366,0.10816326530612246,0.0660377358490566,0.07,0.01
14461,0.11224489795918367,0.0660377358490566,0.07,0.01
14548,0.11224489795918367,0.0660377358490566,0.07,0.01
14640,0.11224489795918367,0.0660377358490566,0.072,0.01
14738,0.11224489795918367,0.0660377358490566,0.072,0.01
14826,0.11428571428571428,0.0660377358490566,0.072,0.01
14919,0.11428571428571428,0.0660377358490566,0.072,0.01
15008,0.11428571428571428,0.0660377358490566,0.074,0.01
15095,0.11428571428571428,0.0660377358490566,0.074,0.01
15193,0.11428571428571428,0.0660377358490566,0.074,0.01
15278,0.11428571428571428,0.0660377358490566,0.074,0.01
15373,0.11428571428571428,0.0660377358490566,0.074,0.01
15464,0.11632653061224489,0.0660377358490566,0.074,0.01
15553,0.11836734693877551,0.0660377358490566,0.074,0.01
15648,0.11836734693877551,0.0660377358490566,0.074,0.01
15747,0.11836734693877551,0.0660377358490566,0.074,0.01
15835,0.11836734693877551,0.0660377358490566,0.074,0.01
15930,0.11836734693877551,0.0660377358490566,0.074,0.01
16021,0.12040816326530612,0.0660377358490566,0.074,0.01
16114,0.12040816326530612,0.0660377358490566,0.074,0.01
16203,0.12040816326530612,0.0660377358490566,0.074,0.01
16295,0.12040816326530612,0.0660377358490566,0.074,0.01
16390,0.12040816326530612,0.0660377358490566,0.076,0.01
16472,0.12040816326530612,0.0660377358490566,0.078,0.01
16560,0.12448979591836734,0.0660377358490566,0.078,0.01
16649,0.12448979591836734,0.0660377358490566,0.078,0.01
16739,0.12448979591836734,0.0660377358490566,0.078,0.01
16824,0.12857142857142856,0.0660377358490566,0.078,0.01
16919,0.1306122448979592,0.0660377358490566,0.078,0.01
17008,0.1326530612244898,0.0660377358490566,0.078,0.01
17093,0.1326530612244898,0.0660377358490566,0.078,0.01
17182,0.1326530612244898,0.0660377358490566,0.078,0.01
17268,0.1326530612244898,0.0660377358490566,0.078,0.01
17353,0.1326530612244898,0.0660377358490566,0.078,0.01
17436,0.1346938775510204,0.0660377358490566,0.08,0.01
17519,0.1346938775510204,0.0660377358490566,0.08,0.01
17595,0.13877551020408163,0.0660377358490566,0.08,0.01
17674,0.13877551020408163,0.0660377358490566,0.08,0.01
17755,0.14081632653061224,0.0660377358490566,0.08,0.01
17848,0.14081632653061224,0.0660377358490566,0.08,0.01
17934,0.14489795918367346,0.0660377358490566,0.082,0.01
18021,0.1469387755102041,0.0660377358490566,0.082,0.01
18108,0.1469387755102041,0.0660377358490566,0.082,0.01
18207,0.1489795918367347,0.07547169811320754,0.082,0.01
18303,0.1510204081632653,0.07547169811320754,0.082,0.01
18387,0.15714285714285714,0.08490566037735849,0.084,0.01
18466,0.15714285714285714,0.08490566037735849,0.084,0.01
18554,0.15714285714285714,0.08490566037735849,0.084,0.01
18637,0.15714285714285714,0.08490566037735849,0.084,0.01
18721,0.16122448979591836,0.08490566037735849,0.086,0.01
18808,0.16122448979591836,0.08490566037735849,0.086,0.01
18898,0.1653061224489796,0.08490566037735849,0.086,0.01
18980,0.1653061224489796,0.08490566037735849,0.086,0.01
19064,0.1673469387755102,0.08490566037735849,0.086,0.01
19153,0.1673469387755102,0.08490566037735849,0.086,0.01
19235,0.16938775510204082,0.08490566037735849,0.086,0.01
19317,0.16938775510204082,0.08490566037735849,0.086,0.01
19401,0.16938775510204082,0.08490566037735849,0.086,0.01
19487,0.16938775510204082,0.08490566037735849,0.086,0.01
19568,0.16938775510204082,0.08490566037735849,0.086,0.01
19657,0.17142857142857143,0.08490566037735849,0.086,0.01
19726,0.17142857142857143,0.08490566037735849,0.088,0.01
19801,0.17346938775510204,0.08490566037735849,0.088,0.01
19876,0.17346938775510204,0.08490566037735849,0.088,0.01
19969,0.17346938775510204,0.08490566037735849,0.09,0.01
20054,0.17551020408163265,0.08490566037735849,0.09,0.01
20134,0.17551020408163265,0.08490566037735849,0.09,0.01
20214,0.17551020408163265,0.08490566037735849,0.092,0.01
20291,0.17551020408163265,0.08490566037735849,0.092,0.01
20370,0.17959183673469387,0.08490566037735849,0.092,0.01
20445,0.1836734693877551,0.08490566037735849,0.092,0.01
20528,0.1836734693877551,0.08490566037735849,0.092,0.01
20612,0.1836734693877551,0.08490566037735849,0.092,0.01
20703,0.1836734693877551,0.08490566037735849,0.092,0.01
20791,0.1836734693877551,0.08490566037735849,0.092,0.01
20871,0.1836734693877551,0.08490566037735849,0.092,0.01
20952,0.1836734693877551,0.08490566037735849,0.092,0.01
21042,0.18571428571428572,0.08490566037735849,0.092,0.01
21123,0.19183673469387755,0.09433962264150944,0.094,0.01
21191,0.19183673469387755,0.09433962264150944,0.094,0.01
21264,0.19183673469387755,0.09433962264150944,0.094,0.01
21346,0.19183673469387755,0.09433962264150944,0.094,0.01
21426,0.19183673469387755,0.09433962264150944,0.094,0.01
21505,0.19387755102040816,0.09433962264150944,0.096,0.01
21578,0.19387755102040816,0.09433962264150944,0.1,0.01
21652,0.19387755102040816,0.09433962264150944,0.1,0.01
21739,0.19387755102040816,0.09433962264150944,0.1,0.01
21813,0.19387755102040816,0.09433962264150944,0.1,0.01
21893,0.19387755102040816,0.09433962264150944,0.1,0.01
21970,0.19591836734693877,0.09433962264150944,0.1,0.01
22040,0.19795918367346937,0.09433962264150944,0.102,0.01
22112,0.19795918367346937,0.09433962264150944,0.102,0.01
22190,0.19795918367346937,0.09433962264150944,0.102,0.01
22270,0.19795918367346937,0.09433962264150944,0.102,0.01
22348,0.19795918367346937,0.09433962264150944,0.102,0.01
22424,0.2,0.09433962264150944,0.102,0.01
22501,0.2,0.09433962264150944,0.104,0.01
22582,0.20204081632653062,0.09433962264150944,0.106,0.01
22657,0.20204081632653062,0.09433962264150944,0.108,0.01
22728,0.20204081632653062,0.09433962264150944,0.108,0.01
22796,0.20204081632653062,0.09433962264150944,0.108,0.01
22863,0.20204081632653062,0.09433962264150944,0.108,0.01
22946,0.20204081632653062,0.09433962264150944,0.108,0.01
23024,0.20408163265306123,0.09433962264150944,0.11,0.01
23100,0.20612244897959184,0.09433962264150944,0.11,0.01
23179,0.20816326530612245,0.09433962264150944,0.114,0.01
23250,0.20816326530612245,0.09433962264150944,0.114,0.01
23325,0.21020408163265306,0.09433962264150944,0.114,0.01
23405,0.21020408163265306,0.09433962264150944,0.116,0.01
23475,0.21020408163265306,0.09433962264150944,0.118,0.01
23549,0.21224489795918366,0.09433962264150944,0.118,0.01
23627,0.2163265306122449,0.10377358490566038,0.12,0.01
23703,0.2163265306122449,0.10377358490566038,0.12,0.01
23786,0.2163265306122449,0.10377358490566038,0.12,0.01
23861,0.2163265306122449,0.10377358490566038,0.122,0.01
23933,0.2163265306122449,0.10377358490566038,0.122,0.01
24010,0.2163265306122449,0.10377358490566038,0.124,0.01
24085,0.22040816326530613,0.10377358490566038,0.126,0.01
24161,0.22040816326530613,0.10377358490566038,0.126,0.01
24236,0.22040816326530613,0.10377358490566038,0.126,0.01
24312,0.22040816326530613,0.10377358490566038,0.128,0.01
24395,0.22040816326530613,0.10377358490566038,0.128,0.01
24463,0.22040816326530613,0.10377358490566038,0.128,0.01
24528,0.22040816326530613,0.10377358490566038,0.128,0.01
24593,0.22244897959183674,0.10377358490566038,0.128,0.01
24670,0.22244897959183674,0.10377358490566038,0.128,0.01
24730,0.22244897959183674,0.10377358490566038,0.128,0.01
24794,0.22448979591836735,0.10377358490566038,0.128,0.01
24862,0.22448979591836735,0.10377358490566038,0.128,0.01
24931,0.22448979591836735,0.10377358490566038,0.128,0.01
25001,0.22653061224489796,0.10377358490566038,0.128,0.01
25080,0.22857142857142856,0.10377358490566038,0.128,0.01
25149,0.22857142857142856,0.10377358490566038,0.128,0.01
25208,0.22857142857142856,0.10377358490566038,0.128,0.01
25275,0.22857142857142856,0.10377358490566038,0.128,0.01
25346,0.23265306122448978,0.10377358490566038,0.128,0.01
25418,0.23265306122448978,0.10377358490566038,0.128,0.01
25485,0.23265306122448978,0.10377358490566038,0.128,0.01
25553,0.23265306122448978,0.10377358490566038,0.128,0.01
25618,0.23265306122448978,0.10377358490566038,0.128,0.01
25691,0.23673469387755103,0.10377358490566038,0.128,0.01
25754,0.23877551020408164,0.10377358490566038,0.128,0.01
25819,0.23877551020408164,0.10377358490566038,0.13,0.01
25894,0.23877551020408164,0.10377358490566038,0.132,0.01
25974,0.23877551020408164,0.10377358490566038,0.132,0.01
26035,0.23877551020408164,0.10377358490566038,0.132,0.01
26101,0.23877551020408164,0.10377358490566038,0.132,0.01
26167,0.23877551020408164,0.10377358490566038,0.132,0.01
26228,0.23877551020408164,0.10377358490566038,0.132,0.01
26309,0.24081632653061225,0.10377358490566038,0.132,0.01
26383,0.24285714285714285,0.11320754716981132,0.132,0.01
26450,0.24489795918367346,0.11320754716981132,0.132,0.01
26512,0.24489795918367346,0.11320754716981132,0.132,0.01
26578,0.24489795918367346,0.11320754716981132,0.132,0.01
26642,0.24489795918367346,0.11320754716981132,0.132,0.01
26708,0.24897959183673468,0.11320754716981132,0.132,0.01
26771,0.24897959183673468,0.11320754716981132,0.132,0.01
26844,0.24897959183673468,0.11320754716981132,0.132,0.01
26908,0.2510204081632653,0.11320754716981132,0.134,0.01
26984,0.2510204081632653,0.11320754716981132,0.134,0.01
27049,0.2510204081632653,0.11320754716981132,0.136,0.01
27118,0.2530612244897959,0.11320754716981132,0.136,0.01
27178,0.2530612244897959,0.11320754716981132,0.136,0.01
27235,0.2530612244897959,0.11320754716981132,0.138,0.01
27299,0.25510204081632654,0.11320754716981132,0.138,0.01
27361,0.25510204081632654,0.11320754716981132,0.138,0.01
27416,0.2571428571428571,0.11320754716981132,0.138,0.01
27491,0.2571428571428571,0.11320754716981132,0.138,0.01
27550,0.2571428571428571,0.11320754716981132,0.138,0.01
27613,0.25918367346938775,0.11320754716981132,0.138,0.01
27683,0.25918367346938775,0.11320754716981132,0.14,0.01
27748,0.25918367346938775,0.11320754716981132,0.14,0.01
27811,0.25918367346938775,0.11320754716981132,0.142,0.01
27871,0.25918367346938775,0.11320754716981132,0.144,0.01
27935,0.2612244897959184,0.11320754716981132,0.144,0.01
27999,0.2612244897959184,0.11320754716981132,0.144,0.01
28065,0.26326530612244897,0.12264150943396226,0.144,0.01
28131,0.26326530612244897,0.12264150943396226,0.146,0.01
28194,0.26326530612244897,0.12264150943396226,0.146,0.01
28258,0.26326530612244897,0.12264150943396226,0.146,0.01
28316,0.26326530612244897,0.12264150943396226,0.146,0.01
28371,0.26326530612244897,0.12264150943396226,0.146,0.01
28437,0.26326530612244897,0.12264150943396226,0.146,0.01
28503,0.2653061224489796,0.12264150943396226,0.146,0.01
28558,0.2653061224489796,0.12264150943396226,0.146,0.01
28624,0.2653061224489796,0.12264150943396226,0.148,0.01
28687,0.2653061224489796,0.12264150943396226,0.148,0.01
28748,0.2673469387755102,0.12264150943396226,0.148,0.01
28813,0.2693877551020408,0.12264150943396226,0.148,0.01
28874,0.2693877551020408,0.12264150943396226,0.148,0.01
28942,0.2693877551020408,0.12264150943396226,0.148,0.01
29000,0.2693877551020408,0.12264150943396226,0.148,0.01
29060,0.2693877551020408,0.12264150943396226,0.148,0.01
29118,0.2693877551020408,0.12264150943396226,0.15,0.01
29185,0.27346938775510204,0.12264150943396226,0.15,0.01
29240,0.27755102040816326,0.1320754716981132,0.15,0.01
29303,0.27755102040816326,0.1320754716981132,0.15,0.01
29364,0.27755102040816326,0.1320754716981132,0.15,0.01
29419,0.2816326530612245,0.1320754716981132,0.15,0.01
29481,0.2816326530612245,0.1320754716981132,0.15,0.01
29552,0.2857142857142857,0.1320754716981132,0.152,0.01
29626,0.28775510204081634,0.1320754716981132,0.152,0.01
29682,0.28775510204081634,0.1320754716981132,0.152,0.01
29738,0.28775510204081634,0.1320754716981132,0.152,0.01
29790,0.28775510204081634,0.1320754716981132,0.152,0.01
29850,0.28775510204081634,0.1320754716981132,0.152,0.01
29913,0.28775510204081634,0.1320754716981132,0.152,0.01
29968,0.28775510204081634,0.1320754716981132,0.152,0.01
30032,0.28775510204081634,0.1320754716981132,0.152,0.01
30094,0.28775510204081634,0.1320754716981132,0.154,0.01
30163,0.28775510204081634,0.1320754716981132,0.154,0.01
30204,0.28775510204081634,0.1320754716981132,0.154,0.01
30265,0.2897959183673469,0.1320754716981132,0.154,0.01
30314,0.2897959183673469,0.1320754716981132,0.154,0.01
30371,0.2897959183673469,0.1320754716981132,0.154,0.01
30436,0.2897959183673469,0.1320754716981132,0.154,0.01
30493,0.2897959183673469,0.1320754716981132,0.154,0.01
30547,0.2897959183673469,0.1320754716981132,0.154,0.01
30592,0.2897959183673469,0.1320754716981132,0.154,0.01
30653,0.2897959183673469,0.1320754716981132,0.154,0.01
30707,0.29183673469387755,0.1320754716981132,0.154,0.01
30760,0.29183673469387755,0.1320754716981132,0.156,0.01
30820,0.2938775510204082,0.1320754716981132,0.156,0.01
30872,0.2938775510204082,0.1320754716981132,0.158,0.01
30932,0.2938775510204082,0.1320754716981132,0.158,0.01
30977,0.29591836734693877,0.1320754716981132,0.16,0.01
31049,0.2979591836734694,0.1320754716981132,0.16,0.01
31108,0.3,0.1320754716981132,0.16,0.01
31170,0.30612244897959184,0.1320754716981132,0.16,0.01
31228,0.30612244897959184,0.1320754716981132,0.16,0.01
31287,0.30612244897959184,0.1320754716981132,0.16,0.01
31333,0.30612244897959184,0.1320754716981132,0.16,0.01
31392,0.3081632653061224,0.14150943396226415,0.162,0.01
31453,0.3081632653061224,0.14150943396226415,0.162,0.01
31508,0.3081632653061224,0.14150943396226415,0.162,0.01
31568,0.3081632653061224,0.14150943396226415,0.164,0.01
31631,0.3081632653061224,0.14150943396226415,0.166,0.01
31675,0.3081632653061224,0.14150943396226415,0.166,0.01
31733,0.3081632653061224,0.14150943396226415,0.166,0.01
31785,0.3081632653061224,0.14150943396226415,0.168,0.01
31834,0.3081632653061224,0.14150943396226415,0.168,0.01
31886,0.3081632653061224,0.14150943396226415,0.168,0.01
31949,0.3081632653061224,0.14150943396226415,0.168,0.01
32005,0.3081632653061224,0.14150943396226415,0.168,0.01
32066,0.3081632653061224,0.14150943396226415,0.168,0.01
32131,0.3081632653061224,0.14150943396226415,0.168,0.01
32193,0.3081632653061224,0.14150943396226415,0.168,0.01
32253,0.3081632653061224,0.14150943396226415,0.17,0.01
32301,0.3122448979591837,0.1509433962264151,0.172,0.01
32340,0.3142857142857143,0.1509433962264151,0.172,0.01
32402,0.3142857142857143,0.1509433962264151,0.172,0.01
32447,0.3142857142857143,0.1509433962264151,0.172,0.01
32504,0.3163265306122449,0.1509433962264151,0.172,0.01
32563,0.3183673469387755,0.1509433962264151,0.172,0.01
32623,0.3183673469387755,0.1509433962264151,0.172,0.01
32680,0.3183673469387755,0.1509433962264151,0.172,0.01
32734,0.3183673469387755,0.1509433962264151,0.172,0.01
32783,0.3183673469387755,0.1509433962264151,0.176,0.01
32838,0.3224489795918367,0.1509433962264151,0.176,0.01
32890,0.3224489795918367,0.1509433962264151,0.176,0.01
32949,0.3224489795918367,0.1509433962264151,0.176,0.01
33005,0.3224489795918367,0.1509433962264151,0.176,0.01
33056,0.3224489795918367,0.1509433962264151,0.176,0.01
33098,0.3224489795918367,0.1509433962264151,0.176,0.01
33148,0.3224489795918367,0.1509433962264151,0.176,0.01
33204,0.3224489795918367,0.1509433962264151,0.176,0.01
33266,0.3224489795918367,0.1509433962264151,0.176,0.01
33322,0.3224489795918367,0.1509433962264151,0.178,0.01
33383,0.3224489795918367,0.1509433962264151,0.178,0.01
33433,0.3224489795918367,0.1509433962264151,0.178,0.01
33478,0.3224489795918367,0.1509433962264151,0.178,0.01
33529,0.3224489795918367,0.1509433962264151,0.18,0.01
33575,0.3224489795918367,0.1509433962264151,0.18,0.01
33622,0.3224489795918367,0.1509433962264151,0.18,0.01
33669,0.3224489795918367,0.1509433962264151,0.18,0.01
33710,0.3224489795918367,0.1509433962264151,0.18,0.01
33760,0.3224489795918367,0.1509433962264151,0.18,0.01
33804,0.3224489795918367,0.1509433962264151,0.18,0.01
33856,0.3224489795918367,0.1509433962264151,0.18,0.01
33906,0.3224489795918367,0.1509433962264151,0.182,0.01
33967,0.3224489795918367,0.1509433962264151,0.182,0.01
34021,0.3224489795918367,0.1509433962264151,0.184,0.01
34060,0.3224489795918367,0.1509433962264151,0.184,0.01
34116,0.32653061224489793,0.16037735849056603,0.184,0.01
34165,0.32653061224489793,0.16037735849056603,0.184,0.01
34219,0.3326530612244898,0.16037735849056603,0.184,0.01
34273,0.3326530612244898,0.16037735849056603,0.184,0.01
34319,0.3326530612244898,0.16037735849056603,0.184,0.01
34360,0.3346938775510204,0.16037735849056603,0.184,0.01
34400,0.336734693877551,0.16037735849056603,0.186,0.01
34447,0.3408163265306122,0.16037735849056603,0.186,0.01
34491,0.3408163265306122,0.16037735849056603,0.186,0.01
34543,0.34285714285714286,0.16037735849056603,0.186,0.01
34594,0.34285714285714286,0.16037735849056603,0.186,0.01
34641,0.34285714285714286,0.16037735849056603,0.186,0.01
34688,0.34285714285714286,0.16037735849056603,0.186,0.01
34734,0.3469387755102041,0.16037735849056603,0.188,0.01
34780,0.3489795918367347,0.16037735849056603,0.19,0.01
34824,0.3489795918367347,0.16037735849056603,0.19,0.01
34868,0.3489795918367347,0.16037735849056603,0.19,0.01
34917,0.3489795918367347,0.16037735849056603,0.19,0.01
34959,0.3510204081632653,0.16037735849056603,0.19,0.01
35005,0.3510204081632653,0.16037735849056603,0.192,0.01
35060,0.3510204081632653,0.16037735849056603,0.192,0.01
35110,0.35306122448979593,0.16037735849056603,0.194,0.01
35162,0.35306122448979593,0.16037735849056603,0.194,0.01
35204,0.35714285714285715,0.16037735849056603,0.194,0.01
35249,0.35714285714285715,0.16037735849056603,0.196,0.01
35294,0.35918367346938773,0.16037735849056603,0.196,0.01
35343,0.35918367346938773,0.16037735849056603,0.196,0.01
35378,0.36122448979591837,0.16037735849056603,0.196,0.01
35423,0.36122448979591837,0.16037735849056603,0.196,0.01
35467,0.36122448979591837,0.16037735849056603,0.196,0.01
35520,0.363265306122449,0.16037735849056603,0.196,0.01
35569,0.363265306122449,0.16037735849056603,0.196,0.01
35607,0.363265306122449,0.16037735849056603,0.196,0.01
35644,0.3653061224489796,0.16037735849056603,0.198,0.01
35700,0.3693877551020408,0.16037735849056603,0.198,0.01
35740,0.3693877551020408,0.16037735849056603,0.198,0.01
35785,0.3693877551020408,0.16037735849056603,0.2,0.01
35832,0.3693877551020408,0.16037735849056603,0.202,0.01
35883,0.3693877551020408,0.16037735849056603,0.202,0.01
35922,0.3693877551020408,0.16037735849056603,0.202,0.01
35967,0.3693877551020408,0.16037735849056603,0.202,0.01
36009,0.3693877551020408,0.16037735849056603,0.202,0.01
36048,0.37142857142857144,0.16037735849056603,0.202,0.01
36098,0.37142857142857144,0.16037735849056603,0.202,0.01
36140,0.37142857142857144,0.16037735849056603,0.202,0.01
36179,0.37142857142857144,0.16037735849056603,0.202,0.01
36221,0.37551020408163266,0.16037735849056603,0.204,0.01
36272,0.37551020408163266,0.16037735849056603,0.204,0.01
36322,0.37551020408163266,0.16037735849056603,0.206,0.01
36365,0.37755102040816324,0.16037735849056603,0.206,0.01
36406,0.37755102040816324,0.16037735849056603,0.206,0.01
36454,0.37755102040816324,0.16037735849056603,0.206,0.01
36507,0.3795918367346939,0.16037735849056603,0.206,0.01
36560,0.3816326530612245,0.16981132075471697,0.206,0.01
36613,0.3816326530612245,0.16981132075471697,0.206,0.01
36652,0.38571428571428573,0.16981132075471697,0.206,0.01
36692,0.38571428571428573,0.16981132075471697,0.206,0.01
36731,0.38571428571428573,0.16981132075471697,0.206,0.01
36775,0.38571428571428573,0.16981132075471697,0.206,0.01
36821,0.38571428571428573,0.16981132075471697,0.206,0.01
36868,0.38571428571428573,0.16981132075471697,0.206,0.01
36903,0.38571428571428573,0.16981132075471697,0.208,0.01
36957,0.38571428571428573,0.16981132075471697,0.212,0.01
36995,0.3877551020408163,0.16981132075471697,0.212,0.01
37037,0.3877551020408163,0.16981132075471697,0.212,0.01
37085,0.38979591836734695,0.16981132075471697,0.212,0.01
37129,0.39183673469387753,0.16981132075471697,0.212,0.01
37175,0.39183673469387753,0.16981132075471697,0.212,0.01
37217,0.39387755102040817,0.16981132075471697,0.214,0.01
37259,0.39591836734693875,0.16981132075471697,0.216,0.01
37300,0.39591836734693875,0.16981132075471697,0.216,0.01
37341,0.39591836734693875,0.16981132075471697,0.216,0.01
37385,0.3979591836734694,0.16981132075471697,0.216,0.01
37435,0.4,0.16981132075471697,0.22,0.01
37475,0.4,0.16981132075471697,0.22,0.01
37510,0.4020408163265306,0.16981132075471697,0.226,0.01
37544,0.4020408163265306,0.16981132075471697,0.226,0.01
37586,0.4020408163265306,0.16981132075471697,0.228,0.01
37636,0.4061224489795918,0.16981132075471697,0.228,0.01
37678,0.4061224489795918,0.16981132075471697,0.23,0.01
37725,0.4061224489795918,0.16981132075471697,0.23,0.01
37762,0.40816326530612246,0.16981132075471697,0.23,0.01
37795,0.40816326530612246,0.16981132075471697,0.23,0.01
37846,0.41020408163265304,0.16981132075471697,0.23,0.01
37884,0.41020408163265304,0.16981132075471697,0.23,0.01
37923,0.4122448979591837,0.16981132075471697,0.23,0.01
37964,0.4122448979591837,0.16981132075471697,0.23,0.01
38007,0.4122448979591837,0.16981132075471697,0.23,0.01
38050,0.4122448979591837,0.16981132075471697,0.23,0.01
38098,0.4142857142857143,0.16981132075471697,0.23,0.01
38141,0.4163265306122449,0.16981132075471697,0.23,0.01
38178,0.4163265306122449,0.16981132075471697,0.23,0.01
38219,0.4163265306122449,0.16981132075471697,0.23,0.01
38258,0.4163265306122449,0.16981132075471697,0.23,0.01
38297,0.41836734693877553,0.16981132075471697,0.23,0.01
38332,0.42244897959183675,0.16981132075471697,0.23,0.01
38365,0.42244897959183675,0.16981132075471697,0.23,0.01
38395,0.42244897959183675,0.16981132075471697,0.23,0.01
38430,0.42244897959183675,0.16981132075471697,0.234,0.01
38469,0.42244897959183675,0.16981132075471697,0.236,0.01
38503,0.42448979591836733,0.16981132075471697,0.238,0.01
38542,0.42653061224489797,0.16981132075471697,0.238,0.01
38586,0.4306122448979592,0.16981132075471697,0.242,0.01
38632,0.4306122448979592,0.16981132075471697,0.244,0.01
38666,0.4306122448979592,0.16981132075471697,0.244,0.01
38710,0.4326530612244898,0.16981132075471697,0.248,0.01
38753,0.4326530612244898,0.16981132075471697,0.248,0.01
38790,0.4326530612244898,0.16981132075471697,0.25,0.01
38833,0.4326530612244898,0.16981132075471697,0.25,0.01
38871,0.4326530612244898,0.16981132075471697,0.252,0.01
38903,0.4326530612244898,0.16981132075471697,0.252,0.01
38944,0.4326530612244898,0.16981132075471697,0.252,0.01
38985,0.4326530612244898,0.16981132075471697,0.254,0.01
39033,0.4346938775510204,0.16981132075471697,0.254,0.01
39071,0.4346938775510204,0.16981132075471697,0.254,0.01
39111,0.4346938775510204,0.16981132075471697,0.254,0.01
39155,0.4346938775510204,0.16981132075471697,0.254,0.01
39197,0.4346938775510204,0.16981132075471697,0.256,0.01
39232,0.43673469387755104,0.16981132075471697,0.256,0.01
39268,0.43673469387755104,0.16981132075471697,0.256,0.01
39309,0.43673469387755104,0.16981132075471697,0.256,0.01
39350,0.43673469387755104,0.16981132075471697,0.258,0.01
39389,0.43673469387755104,0.16981132075471697,0.26,0.01
39425,0.4387755102040816,0.16981132075471697,0.26,0.01
39462,0.4387755102040816,0.16981132075471697,0.26,0.01
39510,0.4387755102040816,0.16981132075471697,0.26,0.01
39538,0.4387755102040816,0.16981132075471697,0.262,0.01
39573,0.4387755102040816,0.16981132075471697,0.262,0.01
39603,0.4387755102040816,0.16981132075471697,0.262,0.01
39637,0.4387755102040816,0.16981132075471697,0.262,0.01
39667,0.4387755102040816,0.16981132075471697,0.262,0.01
39713,0.4387755102040816,0.16981132075471697,0.262,0.01
39742,0.4387755102040816,0.16981132075471697,0.262,0.01
39776,0.44081632653061226,0.16981132075471697,0.262,0.01
39808,0.44081632653061226,0.16981132075471697,0.264,0.01
39850,0.44285714285714284,0.16981132075471697,0.264,0.01
39886,0.4448979591836735,0.1792452830188679,0.266,0.01
39923,0.44693877551020406,0.1792452830188679,0.266,0.01
39956,0.44693877551020406,0.1792452830188679,0.266,0.01
39993,0.45102040816326533,0.1792452830188679,0.266,0.01
40025,0.45102040816326533,0.1792452830188679,0.266,0.01
40063,0.45102040816326533,0.1792452830188679,0.266,0.01
40107,0.45102040816326533,0.1792452830188679,0.266,0.01
40138,0.45102040816326533,0.1792452830188679,0.266,0.01
40159,0.45102040816326533,0.1792452830188679,0.268,0.01
40192,0.45102040816326533,0.1792452830188679,0.268,0.01
40222,0.45102040816326533,0.1792452830188679,0.268,0.01
40263,0.45102040816326533,0.1792452830188679,0.268,0.01
40297,0.45102040816326533,0.1792452830188679,0.27,0.01
40330,0.45102040816326533,0.1792452830188679,0.27,0.01
40365,0.45102040816326533,0.1792452830188679,0.27,0.01
40401,0.45102040816326533,0.1792452830188679,0.27,0.01
40435,0.45102040816326533,0.1792452830188679,0.27,0.01
40476,0.45102040816326533,0.1792452830188679,0.27,0.01
40513,0.45102040816326533,0.1792452830188679,0.27,0.01
40547,0.45102040816326533,0.1792452830188679,0.272,0.01
40586,0.45102040816326533,0.1792452830188679,0.272,0.01
40626,0.45102040816326533,0.1792452830188679,0.272,0.01
40658,0.45102040816326533,0.1792452830188679,0.274,0.01
40684,0.4530612244897959,0.1792452830188679,0.276,0.01
40714,0.4530612244897959,0.1792452830188679,0.276,0.01
40757,0.45510204081632655,0.1792452830188679,0.276,0.01
40790,0.45510204081632655,0.1792452830188679,0.276,0.01
40829,0.45510204081632655,0.1792452830188679,0.276,0.01
40863,0.45510204081632655,0.1792452830188679,0.278,0.01
40894,0.45510204081632655,0.1792452830188679,0.278,0.01
40931,0.45714285714285713,0.1792452830188679,0.278,0.01
40964,0.45918367346938777,0.1792452830188679,0.278,0.01
41000,0.45918367346938777,0.1792452830188679,0.278,0.01
41033,0.45918367346938777,0.1792452830188679,0.278,0.01
41072,0.45918367346938777,0.1792452830188679,0.278,0.01
41098,0.45918367346938777,0.1792452830188679,0.278,0.01
41127,0.45918367346938777,0.1792452830188679,0.278,0.01
41167,0.45918367346938777,0.1792452830188679,0.278,0.01
41197,0.45918367346938777,0.1792452830188679,0.278,0.01
41230,0.45918367346938777,0.1792452830188679,0.278,0.01
41265,0.45918367346938777,0.1792452830188679,0.278,0.01
41301,0.463265306122449,0.1792452830188679,0.278,0.01
41333,0.46530612244897956,0.1792452830188679,0.278,0.01
41366,0.46530612244897956,0.1792452830188679,0.278,0.01
41388,0.4673469387755102,0.1792452830188679,0.28,0.01
41421,0.4673469387755102,0.1792452830188679,0.28,0.01
41461,0.4673469387755102,0.1792452830188679,0.28,0.01
41495,0.4673469387755102,0.1792452830188679,0.28,0.01
41517,0.4673469387755102,0.1792452830188679,0.28,0.01
41548,0.4673469387755102,0.1792452830188679,0.28,0.01
41578,0.4673469387755102,0.1792452830188679,0.28,0.01
41602,0.4673469387755102,0.1792452830188679,0.28,0.01
41633,0.46938775510204084,0.1792452830188679,0.28,0.01
41661,0.4714285714285714,0.1792452830188679,0.282,0.01
41698,0.4714285714285714,0.1792452830188679,0.282,0.01
41731,0.4714285714285714,0.1792452830188679,0.284,0.01
41763,0.4714285714285714,0.1792452830188679,0.284,0.01
41791,0.4714285714285714,0.1792452830188679,0.284,0.01
41823,0.4714285714285714,0.1792452830188679,0.284,0.01
41849,0.4714285714285714,0.1792452830188679,0.284,0.01
41883,0.47346938775510206,0.1792452830188679,0.284,0.01
41917,0.47346938775510206,0.1792452830188679,0.284,0.01
41950,0.47346938775510206,0.1792452830188679,0.284,0.01
41993,0.47551020408163264,0.18867924528301888,0.286,0.01
42032,0.47551020408163264,0.18867924528301888,0.286,0.01
42063,0.47551020408163264,0.18867924528301888,0.286,0.01
42095,0.4775510204081633,0.18867924528301888,0.286,0.01
42129,0.4775510204081633,0.18867924528301888,0.286,0.01
42171,0.4775510204081633,0.18867924528301888,0.288,0.01
42201,0.4775510204081633,0.18867924528301888,0.288,0.01
42231,0.4775510204081633,0.18867924528301888,0.288,0.01
42262,0.4775510204081633,0.18867924528301888,0.288,0.01
42288,0.4775510204081633,0.18867924528301888,0.288,0.01
42317,0.4775510204081633,0.18867924528301888,0.288,0.01
42356,0.4775510204081633,0.18867924528301888,0.29,0.01
42387,0.4775510204081633,0.18867924528301888,0.29,0.01
42416,0.4775510204081633,0.18867924528301888,0.292,0.01
42447,0.47959183673469385,0.19811320754716982,0.292,0.01
42478,0.4816326530612245,0.19811320754716982,0.292,0.01
42503,0.4816326530612245,0.19811320754716982,0.292,0.01
42530,0.4816326530612245,0.19811320754716982,0.292,0.01
42562,0.4816326530612245,0.19811320754716982,0.292,0.01
42585,0.4816326530612245,0.19811320754716982,0.292,0.01
42612,0.4816326530612245,0.19811320754716982,0.292,0.01
42644,0.4816326530612245,0.19811320754716982,0.294,0.01
42663,0.4816326530612245,0.19811320754716982,0.294,0.01
42702,0.4816326530612245,0.19811320754716982,0.294,0.01
42736,0.4816326530612245,0.19811320754716982,0.294,0.01
42772,0.4816326530612245,0.19811320754716982,0.294,0.01
42803,0.4816326530612245,0.19811320754716982,0.294,0.01
42820,0.4816326530612245,0.19811320754716982,0.294,0.01
42849,0.4816326530612245,0.19811320754716982,0.294,0.01
42872,0.4816326530612245,0.19811320754716982,0.294,0.01
42907,0.4816326530612245,0.19811320754716982,0.296,0.01
42936,0.4816326530612245,0.19811320754716982,0.296,0.01
42974,0.4816326530612245,0.19811320754716982,0.296,0.01
43007,0.4816326530612245,0.19811320754716982,0.296,0.01
43028,0.4816326530612245,0.19811320754716982,0.296,0.01
43059,0.4816326530612245,0.19811320754716982,0.296,0.01
43080,0.4816326530612245,0.19811320754716982,0.298,0.01
43101,0.4816326530612245,0.19811320754716982,0.298,0.01
43126,0.4816326530612245,0.19811320754716982,0.298,0.01
43159,0.4816326530612245,0.19811320754716982,0.3,0.01
43193,0.4816326530612245,0.19811320754716982,0.302,0.01
43220,0.4816326530612245,0.19811320754716982,0.302,0.01
43245,0.4816326530612245,0.19811320754716982,0.302,0.01
43276,0.4816326530612245,0.19811320754716982,0.302,0.01
43306,0.48367346938775513,0.19811320754716982,0.304,0.01
43333,0.4857142857142857,0.19811320754716982,0.304,0.01
43370,0.4857142857142857,0.19811320754716982,0.304,0.01
43393,0.48775510204081635,0.19811320754716982,0.304,0.01
43417,0.48775510204081635,0.19811320754716982,0.304,0.01
43445,0.48775510204081635,0.19811320754716982,0.304,0.01
43474,0.49183673469387756,0.19811320754716982,0.306,0.01
43502,0.49183673469387756,0.19811320754716982,0.306,0.01
43523,0.49183673469387756,0.19811320754716982,0.306,0.01
43548,0.49183673469387756,0.19811320754716982,0.306,0.01
43564,0.49183673469387756,0.19811320754716982,0.306,0.01
43592,0.49183673469387756,0.19811320754716982,0.308,0.01
43621,0.49183673469387756,0.19811320754716982,0.308,0.01
43652,0.49183673469387756,0.19811320754716982,0.308,0.01
43681,0.49183673469387756,0.19811320754716982,0.308,0.01
43706,0.49183673469387756,0.19811320754716982,0.308,0.01
43738,0.49183673469387756,0.19811320754716982,0.308,0.01
43762,0.49387755102040815,0.19811320754716982,0.308,0.01
43794,0.49387755102040815,0.19811320754716982,0.308,0.01
43817,0.49387755102040815,0.19811320754716982,0.308,0.01
43847,0.49387755102040815,0.19811320754716982,0.308,0.01
43871,0.49387755102040815,0.19811320754716982,0.308,0.01
43898,0.49387755102040815,0.19811320754716982,0.308,0.01
43922,0.49387755102040815,0.19811320754716982,0.308,0.01
43948,0.4959183673469388,0.19811320754716982,0.308,0.01
43974,0.49795918367346936,0.19811320754716982,0.308,0.01
44000,0.49795918367346936,0.19811320754716982,0.308,0.01
44027,0.5,0.19811320754716982,0.308,0.01
44053,0.5,0.19811320754716982,0.31,0.01
44084,0.5,0.19811320754716982,0.312,0.01
44111,0.5,0.19811320754716982,0.312,0.01
44142,0.5,0.19811320754716982,0.312,0.01
44168,0.5020408163265306,0.19811320754716982,0.314,0.01
44183,0.5020408163265306,0.19811320754716982,0.314,0.01
44210,0.5020408163265306,0.19811320754716982,0.314,0.01
44237,0.5020408163265306,0.19811320754716982,0.314,0.01
44265,0.5020408163265306,0.19811320754716982,0.318,0.01
44293,0.5020408163265306,0.19811320754716982,0.318,0.01
44313,0.5020408163265306,0.19811320754716982,0.318,0.01
44343,0.5020408163265306,0.19811320754716982,0.318,0.01
44366,0.5040816326530613,0.19811320754716982,0.32,0.01
44390,0.5040816326530613,0.19811320754716982,0.32,0.01
44422,0.5040816326530613,0.19811320754716982,0.32,0.01
44449,0.5040816326530613,0.19811320754716982,0.32,0.01
44475,0.5040816326530613,0.19811320754716982,0.322,0.01
44504,0.5061224489795918,0.19811320754716982,0.322,0.01
44524,0.5061224489795918,0.19811320754716982,0.322,0.01
44550,0.5061224489795918,0.19811320754716982,0.322,0.01
44577,0.5061224489795918,0.19811320754716982,0.322,0.01
44602,0.5061224489795918,0.19811320754716982,0.322,0.01
44628,0.5061224489795918,0.19811320754716982,0.322,0.01
44647,0.5081632653061224,0.19811320754716982,0.322,0.01
44671,0.5081632653061224,0.19811320754716982,0.322,0.01
44687,0.5081632653061224,0.19811320754716982,0.322,0.01
44704,0.5102040816326531,0.19811320754716982,0.324,0.01
44730,0.5102040816326531,0.19811320754716982,0.324,0.01
44759,0.5102040816326531,0.19811320754716982,0.324,0.01
44778,0.5102040816326531,0.19811320754716982,0.324,0.01
44796,0.5102040816326531,0.19811320754716982,0.324,0.01
44820,0.5102040816326531,0.19811320754716982,0.324,0.01
44844,0.5102040816326531,0.19811320754716982,0.324,0.01
44865,0.5102040816326531,0.19811320754716982,0.324,0.01
44892,0.5102040816326531,0.19811320754716982,0.324,0.01
44917,0.5102040816326531,0.19811320754716982,0.324,0.01
44940,0.5102040816326531,0.19811320754716982,0.324,0.01
44967,0.5102040816326531,0.19811320754716982,0.324,0.01
44992,0.5102040816326531,0.19811320754716982,0.324,0.01
45017,0.5102040816326531,0.19811320754716982,0.324,0.01
45036,0.5102040816326531,0.19811320754716982,0.326,0.01
45068,0.5102040816326531,0.19811320754716982,0.326,0.01
45091,0.5122448979591837,0.19811320754716982,0.326,0.01
45116,0.5122448979591837,0.19811320754716982,0.326,0.01
45139,0.5122448979591837,0.19811320754716982,0.326,0.01
45159,0.5122448979591837,0.19811320754716982,0.326,0.01
45185,0.5122448979591837,0.19811320754716982,0.326,0.01
45210,0.5142857142857142,0.19811320754716982,0.326,0.01
45236,0.5142857142857142,0.19811320754716982,0.326,0.01
45264,0.5142857142857142,0.19811320754716982,0.326,0.01
45285,0.5142857142857142,0.19811320754716982,0.326,0.01
45310,0.5142857142857142,0.19811320754716982,0.326,0.01
45328,0.5142857142857142,0.19811320754716982,0.328,0.01
45348,0.5142857142857142,0.19811320754716982,0.328,0.01
45368,0.5142857142857142,0.19811320754716982,0.328,0.01
45393,0.5142857142857142,0.19811320754716982,0.328,0.01
45415,0.5142857142857142,0.19811320754716982,0.328,0.01
45438,0.5142857142857142,0.19811320754716982,0.33,0.01
45463,0.5163265306122449,0.19811320754716982,0.33,0.01
45487,0.5163265306122449,0.19811320754716982,0.332,0.01
45510,0.5163265306122449,0.19811320754716982,0.332,0.01
45534,0.5163265306122449,0.19811320754716982,0.334,0.01
45554,0.5163265306122449,0.19811320754716982,0.334,0.01
45568,0.5163265306122449,0.19811320754716982,0.334,0.01
45587,0.5163265306122449,0.19811320754716982,0.334,0.01
45616,0.5163265306122449,0.19811320754716982,0.334,0.01
45640,0.5163265306122449,0.19811320754716982,0.334,0.01
45674,0.5183673469387755,0.19811320754716982,0.334,0.01
45698,0.5183673469387755,0.19811320754716982,0.336,0.01
45723,0.5183673469387755,0.19811320754716982,0.336,0.01
45754,0.5183673469387755,0.19811320754716982,0.336,0.01
45770,0.5183673469387755,0.19811320754716982,0.338,0.01
45788,0.5183673469387755,0.19811320754716982,0.338,0.01
45808,0.5183673469387755,0.19811320754716982,0.34,0.01
45833,0.5183673469387755,0.19811320754716982,0.34,0.01
45851,0.5204081632653061,0.19811320754716982,0.342,0.01
45871,0.5204081632653061,0.19811320754716982,0.342,0.01
45896,0.5204081632653061,0.19811320754716982,0.342,0.01
45917,0.5224489795918368,0.19811320754716982,0.344,0.01
45937,0.5224489795918368,0.19811320754716982,0.344,0.01
45960,0.5224489795918368,0.19811320754716982,0.344,0.01
45982,0.5224489795918368,0.19811320754716982,0.344,0.01
46010,0.5244897959183673,0.19811320754716982,0.344,0.01
46031,0.5265306122448979,0.19811320754716982,0.346,0.01
46057,0.5265306122448979,0.19811320754716982,0.346,0.01
46081,0.5265306122448979,0.19811320754716982,0.346,0.01
46105,0.5285714285714286,0.19811320754716982,0.346,0.01
46119,0.5285714285714286,0.19811320754716982,0.346,0.01
46133,0.5285714285714286,0.19811320754716982,0.346,0.01
46155,0.5285714285714286,0.19811320754716982,0.348,0.01
46174,0.5285714285714286,0.19811320754716982,0.35,0.01
46191,0.5285714285714286,0.19811320754716982,0.35,0.01
46212,0.5306122448979592,0.19811320754716982,0.352,0.01
46229,0.5306122448979592,0.19811320754716982,0.352,0.01
46247,0.5326530612244897,0.19811320754716982,0.352,0.01
46267,0.5326530612244897,0.19811320754716982,0.352,0.01
46290,0.5326530612244897,0.19811320754716982,0.352,0.01
46309,0.5326530612244897,0.19811320754716982,0.352,0.01
46330,0.5326530612244897,0.19811320754716982,0.352,0.01
46351,0.5326530612244897,0.19811320754716982,0.354,0.01
46367,0.5326530612244897,0.19811320754716982,0.356,0.01
46399,0.5326530612244897,0.19811320754716982,0.356,0.01
46416,0.5346938775510204,0.19811320754716982,0.356,0.01
46433,0.5346938775510204,0.19811320754716982,0.356,0.01
46448,0.5346938775510204,0.19811320754716982,0.356,0.01
46467,0.5346938775510204,0.19811320754716982,0.356,0.01
46486,0.5346938775510204,0.19811320754716982,0.356,0.01
46508,0.5346938775510204,0.19811320754716982,0.356,0.01
46529,0.5346938775510204,0.19811320754716982,0.356,0.01
46543,0.5346938775510204,0.19811320754716982,0.356,0.01
46556,0.5346938775510204,0.19811320754716982,0.356,0.01
46567,0.5346938775510204,0.19811320754716982,0.356,0.01
46581,0.5346938775510204,0.19811320754716982,0.356,0.01
46605,0.5346938775510204,0.19811320754716982,0.356,0.01
46626,0.5346938775510204,0.19811320754716982,0.356,0.01
46654,0.5346938775510204,0.19811320754716982,0.356,0.01
46670,0.5346938775510204,0.19811320754716982,0.356,0.01
46692,0.5346938775510204,0.19811320754716982,0.356,0.01
46711,0.5346938775510204,0.19811320754716982,0.356,0.01
46725,0.5346938775510204,0.19811320754716982,0.356,0.01
46744,0.5346938775510204,0.19811320754716982,0.356,0.01
46764,0.5346938775510204,0.19811320754716982,0.356,0.01
46779,0.5346938775510204,0.19811320754716982,0.356,0.01
46793,0.5346938775510204,0.19811320754716982,0.356,0.01
46818,0.5346938775510204,0.19811320754716982,0.356,0.01
46835,0.5346938775510204,0.19811320754716982,0.356,0.01
46855,0.5346938775510204,0.19811320754716982,0.356,0.01
46873,0.5346938775510204,0.19811320754716982,0.356,0.01
46896,0.5346938775510204,0.19811320754716982,0.356,0.01
46914,0.5346938775510204,0.19811320754716982,0.356,0.01
46940,0.5346938775510204,0.19811320754716982,0.358,0.01
46961,0.5346938775510204,0.19811320754716982,0.358,0.01
46976,0.5346938775510204,0.19811320754716982,0.358,0.01
46995,0.5346938775510204,0.19811320754716982,0.36,0.01
47012,0.5346938775510204,0.19811320754716982,0.36,0.01
47030,0.5346938775510204,0.19811320754716982,0.36,0.01
47051,0.5346938775510204,0.19811320754716982,0.36,0.01
47067,0.5346938775510204,0.19811320754716982,0.36,0.01
47088,0.5346938775510204,0.19811320754716982,0.36,0.01
47099,0.5346938775510204,0.19811320754716982,0.362,0.01
47111,0.536734693877551,0.19811320754716982,0.362,0.01
47126,0.536734693877551,0.19811320754716982,0.362,0.01
47154,0.536734693877551,0.19811320754716982,0.364,0.01
47175,0.536734693877551,0.19811320754716982,0.364,0.01
47191,0.536734693877551,0.19811320754716982,0.364,0.01
47210,0.5387755102040817,0.19811320754716982,0.364,0.01
47230,0.5387755102040817,0.19811320754716982,0.364,0.01
47245,0.5387755102040817,0.19811320754716982,0.364,0.01
47260,0.5387755102040817,0.19811320754716982,0.364,0.01
47277,0.5387755102040817,0.19811320754716982,0.364,0.01
47298,0.5408163265306123,0.20754716981132076,0.364,0.01
47315,0.5408163265306123,0.20754716981132076,0.364,0.01
47329,0.5408163265306123,0.20754716981132076,0.364,0.01
47352,0.5408163265306123,0.20754716981132076,0.364,0.01
47368,0.5408163265306123,0.20754716981132076,0.364,0.01
47385,0.5408163265306123,0.20754716981132076,0.364,0.01
47405,0.5408163265306123,0.20754716981132076,0.366,0.01
47418,0.5408163265306123,0.20754716981132076,0.366,0.01
47433,0.5408163265306123,0.20754716981132076,0.366,0.01
47451,0.5428571428571428,0.20754716981132076,0.366,0.01
47467,0.5428571428571428,0.20754716981132076,0.366,0.01
47483,0.5448979591836735,0.20754716981132076,0.366,0.01
47490,0.5448979591836735,0.20754716981132076,0.366,0.01
47513,0.5448979591836735,0.20754716981132076,0.366,0.01
47535,0.5448979591836735,0.20754716981132076,0.368,0.01
47562,0.5448979591836735,0.20754716981132076,0.37,0.01
47580,0.5448979591836735,0.20754716981132076,0.37,0.01
47595,0.5469387755102041,0.20754716981132076,0.37,0.01
47613,0.5489795918367347,0.20754716981132076,0.37,0.01
47628,0.5489795918367347,0.20754716981132076,0.37,0.01
47643,0.5489795918367347,0.20754716981132076,0.37,0.01
47660,0.5489795918367347,0.20754716981132076,0.37,0.01
47675,0.5510204081632653,0.20754716981132076,0.37,0.01
47695,0.5510204081632653,0.20754716981132076,0.37,0.01
47713,0.5510204081632653,0.20754716981132076,0.37,0.01
47728,0.5510204081632653,0.20754716981132076,0.37,0.01
47746,0.5510204081632653,0.20754716981132076,0.372,0.01
47762,0.5530612244897959,0.20754716981132076,0.372,0.01
47783,0.5551020408163265,0.2169811320754717,0.372,0.01
47799,0.5551020408163265,0.2169811320754717,0.372,0.01
47813,0.5551020408163265,0.2169811320754717,0.372,0.01
47828,0.5551020408163265,0.2169811320754717,0.372,0.01
47849,0.5551020408163265,0.2169811320754717,0.372,0.01
47868,0.5551020408163265,0.2169811320754717,0.372,0.01
47888,0.5571428571428572,0.2169811320754717,0.372,0.01
47899,0.5571428571428572,0.2169811320754717,0.372,0.01
47918,0.5571428571428572,0.2169811320754717,0.372,0.01
47934,0.5571428571428572,0.2169811320754717,0.372,0.01
47949,0.5571428571428572,0.2169811320754717,0.372,0.01
47969,0.5571428571428572,0.2169811320754717,0.372,0.01
47984,0.5571428571428572,0.2169811320754717,0.372,0.01
48002,0.5571428571428572,0.2169811320754717,0.374,0.01
48017,0.5571428571428572,0.2169811320754717,0.374,0.01
48030,0.5571428571428572,0.2169811320754717,0.374,0.01
48047,0.5571428571428572,0.2169811320754717,0.374,0.01
48057,0.5571428571428572,0.2169811320754717,0.376,0.01
48079,0.5571428571428572,0.2169811320754717,0.378,0.01
48109,0.5612244897959183,0.22641509433962265,0.378,0.01
48127,0.5612244897959183,0.22641509433962265,0.378,0.01
48142,0.5612244897959183,0.22641509433962265,0.378,0.01
48157,0.5612244897959183,0.22641509433962265,0.38,0.01
48172,0.5612244897959183,0.22641509433962265,0.382,0.01
48184,0.5612244897959183,0.22641509433962265,0.382,0.01
48205,0.563265306122449,0.22641509433962265,0.382,0.01
48228,0.563265306122449,0.22641509433962265,0.382,0.01
48241,0.563265306122449,0.22641509433962265,0.384,0.01
48256,0.563265306122449,0.22641509433962265,0.384,0.01
48274,0.5653061224489796,0.22641509433962265,0.384,0.01
48292,0.5653061224489796,0.22641509433962265,0.384,0.01
48310,0.5673469387755102,0.22641509433962265,0.384,0.01
48331,0.5673469387755102,0.22641509433962265,0.384,0.01
48355,0.5673469387755102,0.22641509433962265,0.384,0.01
48369,0.5673469387755102,0.22641509433962265,0.386,0.01
48388,0.5673469387755102,0.22641509433962265,0.388,0.01
48403,0.5673469387755102,0.22641509433962265,0.388,0.01
48417,0.5693877551020409,0.22641509433962265,0.388,0.01
48425,0.5693877551020409,0.22641509433962265,0.388,0.01
48448,0.573469387755102,0.22641509433962265,0.39,0.01
48471,0.5755102040816327,0.22641509433962265,0.39,0.01
48481,0.5755102040816327,0.22641509433962265,0.39,0.01
48489,0.5755102040816327,0.22641509433962265,0.39,0.01
48508,0.5755102040816327,0.22641509433962265,0.39,0.01
48519,0.5755102040816327,0.22641509433962265,0.392,0.01
48527,0.5755102040816327,0.22641509433962265,0.392,0.01
48539,0.5755102040816327,0.22641509433962265,0.392,0.01
48549,0.5755102040816327,0.22641509433962265,0.392,0.01
48559,0.5755102040816327,0.22641509433962265,0.392,0.01
48578,0.5755102040816327,0.22641509433962265,0.394,0.01
48592,0.5755102040816327,0.22641509433962265,0.394,0.01
48606,0.5755102040816327,0.22641509433962265,0.394,0.01
48613,0.5755102040816327,0.22641509433962265,0.396,0.01
48628,0.5816326530612245,0.2358490566037736,0.4,0.01
48646,0.5816326530612245,0.2358490566037736,0.4,0.01
48662,0.5836734693877551,0.2358490566037736,0.402,0.01
48682,0.5836734693877551,0.2358490566037736,0.402,0.01
48702,0.5836734693877551,0.2358490566037736,0.402,0.01
48716,0.5836734693877551,0.2358490566037736,0.402,0.01
48724,0.5836734693877551,0.2358490566037736,0.402,0.01
48735,0.5836734693877551,0.2358490566037736,0.402,0.01
48749,0.5836734693877551,0.2358490566037736,0.402,0.01
48765,0.5836734693877551,0.2358490566037736,0.406,0.01
48777,0.5836734693877551,0.2358490566037736,0.406,0.01
48791,0.5836734693877551,0.2358490566037736,0.406,0.01
48803,0.5836734693877551,0.2358490566037736,0.406,0.01
48817,0.5836734693877551,0.2358490566037736,0.406,0.01
48837,0.5836734693877551,0.2358490566037736,0.406,0.01
48848,0.5836734693877551,0.2358490566037736,0.406,0.01
48862,0.5836734693877551,0.2358490566037736,0.406,0.01
48874,0.5836734693877551,0.2358490566037736,0.408,0.01
48893,0.5836734693877551,0.2358490566037736,0.408,0.01
48907,0.5836734693877551,0.2358490566037736,0.408,0.01
48924,0.5836734693877551,0.2358490566037736,0.408,0.01
48941,0.5836734693877551,0.2358490566037736,0.41,0.01
48954,0.5857142857142857,0.2358490566037736,0.412,0.01
48965,0.5897959183673469,0.2358490566037736,0.414,0.01
48975,0.5897959183673469,0.2358490566037736,0.414,0.01
48982,0.5897959183673469,0.2358490566037736,0.414,0.01
48987,0.5897959183673469,0.2358490566037736,0.414,0.01
49006,0.5897959183673469,0.2358490566037736,0.414,0.01
49018,0.5897959183673469,0.2358490566037736,0.414,0.01
49031,0.5897959183673469,0.2358490566037736,0.414,0.01
49044,0.5897959183673469,0.2358490566037736,0.416,0.01
49067,0.5897959183673469,0.2358490566037736,0.416,0.01
49085,0.5897959183673469,0.2358490566037736,0.416,0.01
49099,0.5897959183673469,0.2358490566037736,0.416,0.01
49110,0.5897959183673469,0.2358490566037736,0.416,0.01
49124,0.5897959183673469,0.2358490566037736,0.416,0.01
49137,0.5897959183673469,0.2358490566037736,0.416,0.01
49147,0.5897959183673469,0.2358490566037736,0.416,0.01
49158,0.5897959183673469,0.2358490566037736,0.416,0.01
49169,0.5897959183673469,0.2358490566037736,0.42,0.01
49180,0.5897959183673469,0.2358490566037736,0.42,0.01
49192,0.5897959183673469,0.2358490566037736,0.42,0.01
49200,0.5897959183673469,0.2358490566037736,0.42,0.01
49215,0.5918367346938775,0.2358490566037736,0.42,0.01
49225,0.5918367346938775,0.2358490566037736,0.42,0.01
49239,0.5918367346938775,0.2358490566037736,0.42,0.01
49252,0.5938775510204082,0.2358490566037736,0.42,0.01
49259,0.5938775510204082,0.2358490566037736,0.42,0.01
49269,0.5938775510204082,0.2358490566037736,0.42,0.01
49278,0.5938775510204082,0.2358490566037736,0.42,0.01
49290,0.5938775510204082,0.2358490566037736,0.42,0.01
49301,0.5938775510204082,0.2358490566037736,0.42,0.01
49314,0.5938775510204082,0.2358490566037736,0.42,0.01
49331,0.5938775510204082,0.2358490566037736,0.422,0.01
49341,0.5938775510204082,0.2358490566037736,0.422,0.01
49358,0.5938775510204082,0.2358490566037736,0.424,0.01
49371,0.5938775510204082,0.2358490566037736,0.424,0.01
49383,0.5938775510204082,0.2358490566037736,0.424,0.01
49392,0.5938775510204082,0.2358490566037736,0.424,0.01
49404,0.5959183673469388,0.2358490566037736,0.424,0.01
49419,0.5959183673469388,0.2358490566037736,0.424,0.01
49435,0.5979591836734693,0.2358490566037736,0.424,0.01
49441,0.5979591836734693,0.2358490566037736,0.424,0.01
49449,0.5979591836734693,0.2358490566037736,0.424,0.01
49463,0.5979591836734693,0.2358490566037736,0.424,0.01
49472,0.6,0.2358490566037736,0.424,0.01
49481,0.6,0.2358490566037736,0.424,0.01
49491,0.6,0.2358490566037736,0.424,0.01
49497,0.6,0.2358490566037736,0.424,0.01
49507,0.6,0.2358490566037736,0.424,0.01
49520,0.6,0.2358490566037736,0.424,0.01
49531,0.6040816326530613,0.24528301886792453,0.424,0.01
49543,0.6061224489795919,0.24528301886792453,0.424,0.01
49551,0.6061224489795919,0.24528301886792453,0.424,0.01
49563,0.6061224489795919,0.24528301886792453,0.424,0.01
49577,0.6081632653061224,0.25471698113207547,0.424,0.01
49596,0.6081632653061224,0.25471698113207547,0.424,0.01
49604,0.6081632653061224,0.25471698113207547,0.424,0.01
49615,0.6081632653061224,0.25471698113207547,0.426,0.01
49626,0.610204081632653,0.2641509433962264,0.426,0.01
49641,0.610204081632653,0.2641509433962264,0.426,0.01
49659,0.610204081632653,0.2641509433962264,0.426,0.01
49668,0.610204081632653,0.2641509433962264,0.426,0.01
49679,0.610204081632653,0.2641509433962264,0.426,0.01
49698,0.610204081632653,0.2641509433962264,0.426,0.01
49710,0.610204081632653,0.2641509433962264,0.428,0.01
49718,0.610204081632653,0.2641509433962264,0.428,0.01
49729,0.610204081632653,0.2641509433962264,0.428,0.01
49737,0.610204081632653,0.2641509433962264,0.428,0.01
49753,0.610204081632653,0.2641509433962264,0.428,0.01
49766,0.610204081632653,0.2641509433962264,0.428,0.01
49777,0.610204081632653,0.2641509433962264,0.428,0.01
49795,0.610204081632653,0.2641509433962264,0.428,0.01
49806,0.610204081632653,0.2641509433962264,0.428,0.01
49820,0.610204081632653,0.2641509433962264,0.428,0.01
49837,0.610204081632653,0.2641509433962264,0.428,0.01
49851,0.610204081632653,0.2641509433962264,0.428,0.01
49861,0.610204081632653,0.2641509433962264,0.428,0.01
49871,0.610204081632653,0.2641509433962264,0.43,0.01
49885,0.610204081632653,0.2641509433962264,0.43,0.01
49897,0.610204081632653,0.2641509433962264,0.43,0.01
49905,0.610204081632653,0.2641509433962264,0.43,0.01
49914,0.610204081632653,0.2641509433962264,0.43,0.01
49921,0.610204081632653,0.2641509433962264,0.43,0.01
49934,0.610204081632653,0.2641509433962264,0.43,0.01
49944,0.6122448979591837,0.2641509433962264,0.43,0.01
49958,0.6142857142857143,0.2641509433962264,0.432,0.01
49971,0.6142857142857143,0.2641509433962264,0.432,0.01
49979,0.6142857142857143,0.2641509433962264,0.432,0.01
49989,0.6142857142857143,0.2641509433962264,0.432,0.01
49995,0.6142857142857143,0.2641509433962264,0.432,0.01
50005,0.6163265306122448,0.2641509433962264,0.436,0.01
50018,0.6163265306122448,0.2641509433962264,0.436,0.01
50032,0.6163265306122448,0.2641509433962264,0.436,0.01
50041,0.6163265306122448,0.2641509433962264,0.436,0.01
50057,0.6163265306122448,0.2641509433962264,0.436,0.01
50065,0.6163265306122448,0.2641509433962264,0.436,0.01
50080,0.6163265306122448,0.2641509433962264,0.438,0.01
50089,0.6163265306122448,0.2641509433962264,0.438,0.01
50098,0.6163265306122448,0.2641509433962264,0.438,0.01
50107,0.6163265306122448,0.2641509433962264,0.438,0.01
50117,0.6163265306122448,0.2641509433962264,0.438,0.01
50127,0.6163265306122448,0.2641509433962264,0.438,0.01
50135,0.6163265306122448,0.2641509433962264,0.438,0.01
50145,0.6183673469387755,0.2641509433962264,0.438,0.01
50154,0.6183673469387755,0.2641509433962264,0.438,0.01
50164,0.6204081632653061,0.2641509433962264,0.44,0.01
50179,0.6204081632653061,0.2641509433962264,0.44,0.01
50190,0.6204081632653061,0.2641509433962264,0.44,0.01
50204,0.6204081632653061,0.2641509433962264,0.442,0.01
50214,0.6224489795918368,0.27358490566037735,0.444,0.01
50226,0.6224489795918368,0.27358490566037735,0.444,0.01
50233,0.6224489795918368,0.27358490566037735,0.444,0.01
50242,0.6224489795918368,0.27358490566037735,0.444,0.01
50252,0.6224489795918368,0.27358490566037735,0.444,0.01
50262,0.6224489795918368,0.27358490566037735,0.444,0.01
50273,0.6224489795918368,0.27358490566037735,0.444,0.01
50286,0.6224489795918368,0.27358490566037735,0.444,0.01
50291,0.6224489795918368,0.27358490566037735,0.444,0.01
50298,0.6224489795918368,0.27358490566037735,0.444,0.01
50310,0.6224489795918368,0.27358490566037735,0.444,0.01
50319,0.6224489795918368,0.27358490566037735,0.444,0.01
50332,0.6224489795918368,0.27358490566037735,0.446,0.01
50343,0.6224489795918368,0.27358490566037735,0.446,0.01
50355,0.6224489795918368,0.27358490566037735,0.448,0.01
50364,0.6224489795918368,0.27358490566037735,0.448,0.01
50370,0.6224489795918368,0.27358490566037735,0.448,0.01
50377,0.6224489795918368,0.27358490566037735,0.448,0.01
50386,0.6224489795918368,0.27358490566037735,0.448,0.01
50403,0.6224489795918368,0.27358490566037735,0.452,0.01
50416,0.6224489795918368,0.27358490566037735,0.452,0.01
50426,0.6224489795918368,0.27358490566037735,0.452,0.01
50435,0.6224489795918368,0.27358490566037735,0.452,0.01
50446,0.6224489795918368,0.27358490566037735,0.452,0.01
50460,0.6224489795918368,0.27358490566037735,0.452,0.01
50465,0.6224489795918368,0.27358490566037735,0.456,0.01
50474,0.6224489795918368,0.27358490566037735,0.456,0.01
50484,0.6224489795918368,0.27358490566037735,0.456,0.01
50500,0.6224489795918368,0.27358490566037735,0.456,0.01
50517,0.6244897959183674,0.27358490566037735,0.458,0.01
50532,0.6244897959183674,0.27358490566037735,0.46,0.01
50543,0.6244897959183674,0.27358490566037735,0.46,0.01
50553,0.6244897959183674,0.27358490566037735,0.46,0.01
50560,0.6244897959183674,0.27358490566037735,0.462,0.01
50565,0.6244897959183674,0.27358490566037735,0.462,0.01
50571,0.6244897959183674,0.27358490566037735,0.462,0.01
50582,0.6244897959183674,0.27358490566037735,0.464,0.01
50585,0.6244897959183674,0.27358490566037735,0.464,0.01
50594,0.6244897959183674,0.27358490566037735,0.464,0.01
50607,0.6265306122448979,0.27358490566037735,0.464,0.01
50621,0.6265306122448979,0.27358490566037735,0.464,0.01
50636,0.6265306122448979,0.27358490566037735,0.466,0.01
50642,0.6265306122448979,0.27358490566037735,0.466,0.01
50652,0.6265306122448979,0.27358490566037735,0.466,0.01
50659,0.6265306122448979,0.27358490566037735,0.468,0.01
50668,0.6265306122448979,0.27358490566037735,0.468,0.01
50676,0.6265306122448979,0.27358490566037735,0.468,0.01
50690,0.6265306122448979,0.27358490566037735,0.468,0.01
50695,0.6265306122448979,0.27358490566037735,0.468,0.01
50700,0.6265306122448979,0.27358490566037735,0.468,0.01
50708,0.6265306122448979,0.27358490566037735,0.468,0.01
50715,0.6265306122448979,0.27358490566037735,0.47,0.01
50719,0.6265306122448979,0.27358490566037735,0.47,0.01
50721,0.6265306122448979,0.27358490566037735,0.47,0.01
50726,0.6285714285714286,0.27358490566037735,0.47,0.01
50736,0.6285714285714286,0.27358490566037735,0.47,0.01
50745,0.6285714285714286,0.27358490566037735,0.47,0.01
50751,0.6285714285714286,0.27358490566037735,0.47,0.01
50762,0.6285714285714286,0.27358490566037735,0.472,0.01
50772,0.6285714285714286,0.27358490566037735,0.472,0.01
50780,0.6285714285714286,0.27358490566037735,0.472,0.01
50788,0.6285714285714286,0.27358490566037735,0.472,0.01
50800,0.6285714285714286,0.27358490566037735,0.476,0.01
50808,0.6285714285714286,0.27358490566037735,0.476,0.01
50815,0.6285714285714286,0.27358490566037735,0.476,0.01
50822,0.6285714285714286,0.27358490566037735,0.476,0.01
50836,0.6285714285714286,0.27358490566037735,0.476,0.01
50844,0.6285714285714286,0.27358490566037735,0.478,0.01
50858,0.6285714285714286,0.27358490566037735,0.478,0.01
50866,0.6285714285714286,0.27358490566037735,0.478,0.01
50873,0.6285714285714286,0.27358490566037735,0.478,0.01
50883,0.6285714285714286,0.27358490566037735,0.478,0.01
50889,0.6285714285714286,0.27358490566037735,0.482,0.01
50896,0.6285714285714286,0.27358490566037735,0.482,0.01
50907,0.6306122448979592,0.27358490566037735,0.482,0.01
50908,0.6306122448979592,0.27358490566037735,0.482,0.01
50915,0.6306122448979592,0.27358490566037735,0.482,0.01
50926,0.6306122448979592,0.27358490566037735,0.482,0.01
50934,0.6326530612244898,0.27358490566037735,0.482,0.01
50942,0.6326530612244898,0.27358490566037735,0.482,0.01
50953,0.6326530612244898,0.27358490566037735,0.482,0.01
50959,0.6326530612244898,0.27358490566037735,0.482,0.01
50964,0.6326530612244898,0.27358490566037735,0.482,0.01
50973,0.6326530612244898,0.27358490566037735,0.482,0.01
50986,0.6326530612244898,0.27358490566037735,0.484,0.01
50996,0.6326530612244898,0.27358490566037735,0.486,0.01
51004,0.6326530612244898,0.27358490566037735,0.486,0.01
51012,0.6326530612244898,0.27358490566037735,0.486,0.01
51020,0.6326530612244898,0.27358490566037735,0.486,0.01
51029,0.6326530612244898,0.27358490566037735,0.486,0.01
51038,0.6326530612244898,0.27358490566037735,0.488,0.01
51051,0.6326530612244898,0.27358490566037735,0.488,0.01
51057,0.6346938775510204,0.27358490566037735,0.488,0.01
51061,0.6346938775510204,0.27358490566037735,0.488,0.01
51070,0.6346938775510204,0.27358490566037735,0.488,0.01
51079,0.636734693877551,0.27358490566037735,0.488,0.01
51083,0.636734693877551,0.27358490566037735,0.488,0.01
51092,0.636734693877551,0.27358490566037735,0.488,0.01
51099,0.636734693877551,0.27358490566037735,0.488,0.01
51112,0.636734693877551,0.27358490566037735,0.488,0.01
51117,0.6387755102040816,0.27358490566037735,0.488,0.01
51122,0.6387755102040816,0.27358490566037735,0.488,0.01
51134,0.6387755102040816,0.27358490566037735,0.49,0.01
51140,0.6387755102040816,0.27358490566037735,0.49,0.01
51146,0.6387755102040816,0.27358490566037735,0.49,0.01
51150,0.6387755102040816,0.27358490566037735,0.49,0.01
51157,0.6387755102040816,0.27358490566037735,0.49,0.01
51159,0.6387755102040816,0.27358490566037735,0.49,0.01
51167,0.6387755102040816,0.27358490566037735,0.49,0.01
51173,0.6387755102040816,0.27358490566037735,0.49,0.01
51184,0.6387755102040816,0.27358490566037735,0.49,0.01
51192,0.6387755102040816,0.27358490566037735,0.492,0.01
51201,0.6387755102040816,0.27358490566037735,0.492,0.01
51217,0.6387755102040816,0.27358490566037735,0.492,0.01
51223,0.6387755102040816,0.27358490566037735,0.492,0.01
51227,0.6387755102040816,0.27358490566037735,0.492,0.01
51234,0.6387755102040816,0.27358490566037735,0.492,0.01
51237,0.6408163265306123,0.27358490566037735,0.492,0.01
51248,0.6408163265306123,0.27358490566037735,0.492,0.01
51256,0.6428571428571429,0.27358490566037735,0.492,0.01
51265,0.6428571428571429,0.27358490566037735,0.492,0.01
51271,0.6428571428571429,0.27358490566037735,0.492,0.01
51276,0.6428571428571429,0.27358490566037735,0.492,0.01
51284,0.6428571428571429,0.27358490566037735,0.492,0.01
51292,0.6428571428571429,0.27358490566037735,0.492,0.01
51299,0.6428571428571429,0.27358490566037735,0.492,0.01
51305,0.6428571428571429,0.27358490566037735,0.492,0.01
51311,0.6428571428571429,0.27358490566037735,0.492,0.01
51322,0.6428571428571429,0.27358490566037735,0.492,0.01
51328,0.6428571428571429,0.27358490566037735,0.492,0.01
51338,0.6428571428571429,0.27358490566037735,0.492,0.01
51345,0.6448979591836734,0.27358490566037735,0.492,0.01
51351,0.6448979591836734,0.27358490566037735,0.492,0.01
51356,0.6448979591836734,0.27358490566037735,0.492,0.01
51364,0.6448979591836734,0.27358490566037735,0.494,0.01
51368,0.6448979591836734,0.27358490566037735,0.494,0.01
51377,0.6448979591836734,0.27358490566037735,0.494,0.01
51382,0.6448979591836734,0.27358490566037735,0.494,0.01
51389,0.6448979591836734,0.27358490566037735,0.494,0.01
51399,0.6448979591836734,0.27358490566037735,0.494,0.01
51406,0.6448979591836734,0.27358490566037735,0.494,0.01
51414,0.6448979591836734,0.27358490566037735,0.494,0.01
51420,0.6448979591836734,0.27358490566037735,0.494,0.01
51426,0.6448979591836734,0.27358490566037735,0.494,0.01
51431,0.6448979591836734,0.27358490566037735,0.494,0.01
51441,0.6448979591836734,0.27358490566037735,0.494,0.01
51450,0.6448979591836734,0.27358490566037735,0.494,0.01
51459,0.6448979591836734,0.27358490566037735,0.494,0.01
51464,0.6448979591836734,0.27358490566037735,0.494,0.01
51471,0.6448979591836734,0.27358490566037735,0.496,0.01
51485,0.6448979591836734,0.27358490566037735,0.5,0.01
51492,0.6448979591836734,0.27358490566037735,0.5,0.01
51500,0.6448979591836734,0.27358490566037735,0.5,0.01
51507,0.6448979591836734,0.27358490566037735,0.5,0.01
51517,0.6448979591836734,0.27358490566037735,0.5,0.01
51523,0.6448979591836734,0.27358490566037735,0.5,0.01
51529,0.6448979591836734,0.27358490566037735,0.502,0.01
51535,0.6448979591836734,0.27358490566037735,0.502,0.01
51544,0.6448979591836734,0.27358490566037735,0.502,0.01
51549,0.6448979591836734,0.27358490566037735,0.502,0.01
51553,0.6448979591836734,0.27358490566037735,0.502,0.01
51560,0.6448979591836734,0.27358490566037735,0.504,0.01
51565,0.6448979591836734,0.27358490566037735,0.504,0.01
51570,0.6448979591836734,0.27358490566037735,0.504,0.01
51575,0.6448979591836734,0.27358490566037735,0.504,0.01
51582,0.6448979591836734,0.27358490566037735,0.504,0.01
51585,0.6448979591836734,0.27358490566037735,0.504,0.01
51593,0.6448979591836734,0.27358490566037735,0.504,0.01
51599,0.6448979591836734,0.27358490566037735,0.504,0.01
51603,0.6448979591836734,0.27358490566037735,0.504,0.01
51606,0.6448979591836734,0.27358490566037735,0.504,0.01
51618,0.6448979591836734,0.27358490566037735,0.504,0.01
51622,0.6448979591836734,0.27358490566037735,0.504,0.01
51628,0.6448979591836734,0.27358490566037735,0.504,0.01
51633,0.6448979591836734,0.27358490566037735,0.506,0.01
51639,0.6448979591836734,0.27358490566037735,0.506,0.01
51643,0.6448979591836734,0.27358490566037735,0.506,0.01
51649,0.6448979591836734,0.27358490566037735,0.506,0.01
51654,0.6448979591836734,0.27358490566037735,0.506,0.01
51664,0.6448979591836734,0.27358490566037735,0.506,0.01
51673,0.6448979591836734,0.27358490566037735,0.506,0.01
51681,0.6448979591836734,0.27358490566037735,0.508,0.01
51685,0.6448979591836734,0.27358490566037735,0.508,0.01
51696,0.6448979591836734,0.27358490566037735,0.508,0.01
51700,0.6448979591836734,0.27358490566037735,0.508,0.01
51712,0.6448979591836734,0.27358490566037735,0.508,0.01
51714,0.6469387755102041,0.2830188679245283,0.51,0.01
51723,0.6469387755102041,0.2830188679245283,0.51,0.01
51726,0.6469387755102041,0.2830188679245283,0.51,0.01
51727,0.6469387755102041,0.2830188679245283,0.51,0.01
51731,0.6469387755102041,0.2830188679245283,0.51,0.01
51741,0.6469387755102041,0.2830188679245283,0.51,0.01
51749,0.6469387755102041,0.2830188679245283,0.512,0.01
51758,0.6469387755102041,0.2830188679245283,0.512,0.01
51763,0.6469387755102041,0.2830188679245283,0.512,0.01
51767,0.6469387755102041,0.2830188679245283,0.512,0.01
51769,0.6469387755102041,0.2830188679245283,0.512,0.01
51780,0.6469387755102041,0.2830188679245283,0.512,0.01
51784,0.6469387755102041,0.2830188679245283,0.512,0.01
51789,0.6469387755102041,0.2830188679245283,0.512,0.01
51793,0.6469387755102041,0.2830188679245283,0.512,0.01
51799,0.6489795918367347,0.2830188679245283,0.514,0.01
51806,0.6489795918367347,0.2830188679245283,0.514,0.01
51814,0.6489795918367347,0.2830188679245283,0.514,0.01
51821,0.6489795918367347,0.2830188679245283,0.514,0.01
51831,0.6489795918367347,0.2830188679245283,0.514,0.01
51836,0.6489795918367347,0.2830188679245283,0.514,0.01
51843,0.6489795918367347,0.2830188679245283,0.516,0.01
51850,0.6489795918367347,0.2830188679245283,0.516,0.01
51858,0.6489795918367347,0.2830188679245283,0.516,0.01
51865,0.6489795918367347,0.2830188679245283,0.516,0.01
51873,0.6489795918367347,0.2830188679245283,0.516,0.01
51877,0.6489795918367347,0.2830188679245283,0.516,0.01
51884,0.6510204081632653,0.2830188679245283,0.516,0.01
51889,0.6510204081632653,0.2830188679245283,0.516,0.01
51893,0.6510204081632653,0.2830188679245283,0.516,0.01
51894,0.6510204081632653,0.2830188679245283,0.516,0.01
51901,0.6510204081632653,0.2830188679245283,0.516,0.01
51910,0.6530612244897959,0.2830188679245283,0.516,0.01
51915,0.6530612244897959,0.2830188679245283,0.516,0.01
51920,0.6530612244897959,0.2830188679245283,0.516,0.01
51924,0.6530612244897959,0.2830188679245283,0.516,0.01
51932,0.6530612244897959,0.2830188679245283,0.516,0.01
51936,0.6530612244897959,0.2830188679245283,0.516,0.01
51938,0.6530612244897959,0.2830188679245283,0.516,0.01
51941,0.6530612244897959,0.2830188679245283,0.516,0.01
51943,0.6530612244897959,0.2830188679245283,0.516,0.01
51951,0.6530612244897959,0.2830188679245283,0.516,0.01
51953,0.6530612244897959,0.2830188679245283,0.516,0.01
51957,0.6530612244897959,0.2830188679245283,0.516,0.01
51962,0.6530612244897959,0.2830188679245283,0.516,0.01
51971,0.6530612244897959,0.2830188679245283,0.516,0.01
51979,0.6530612244897959,0.2830188679245283,0.516,0.01
51989,0.6530612244897959,0.2830188679245283,0.516,0.01
51993,0.6530612244897959,0.2830188679245283,0.516,0.01
51997,0.6530612244897959,0.2830188679245283,0.516,0.01
52006,0.6530612244897959,0.2830188679245283,0.52,0.01
52013,0.6530612244897959,0.2830188679245283,0.52,0.01
52024,0.6530612244897959,0.2830188679245283,0.52,0.01
52027,0.6530612244897959,0.2830188679245283,0.52,0.01
52036,0.6551020408163265,0.2830188679245283,0.52,0.01
52038,0.6551020408163265,0.2830188679245283,0.52,0.01
52044,0.6551020408163265,0.2830188679245283,0.52,0.01
52046,0.6551020408163265,0.2830188679245283,0.52,0.01
52055,0.6571428571428571,0.2830188679245283,0.52,0.01
52059,0.6571428571428571,0.2830188679245283,0.52,0.01
52063,0.6571428571428571,0.2830188679245283,0.52,0.01
52066,0.6571428571428571,0.2830188679245283,0.52,0.01
52073,0.6571428571428571,0.2830188679245283,0.52,0.01
52077,0.6591836734693878,0.2830188679245283,0.52,0.01
52083,0.6591836734693878,0.2830188679245283,0.522,0.01
52087,0.6591836734693878,0.2830188679245283,0.522,0.01
52096,0.6612244897959184,0.2830188679245283,0.522,0.01
52099,0.6632653061224489,0.2830188679245283,0.522,0.01
52102,0.6653061224489796,0.2830188679245283,0.524,0.01
52105,0.6653061224489796,0.2830188679245283,0.524,0.01
52108,0.6653061224489796,0.2830188679245283,0.524,0.01
52113,0.6653061224489796,0.2830188679245283,0.524,0.01
52119,0.6653061224489796,0.2830188679245283,0.524,0.01
52124,0.6673469387755102,0.2830188679245283,0.524,0.01
52131,0.6673469387755102,0.2830188679245283,0.524,0.01
52139,0.6673469387755102,0.2830188679245283,0.524,0.01
52143,0.6673469387755102,0.2830188679245283,0.524,0.01
52148,0.6673469387755102,0.2830188679245283,0.524,0.01
52155,0.6673469387755102,0.2830188679245283,0.526,0.01
52159,0.6673469387755102,0.2830188679245283,0.526,0.01
52166,0.6673469387755102,0.2830188679245283,0.526,0.01
52169,0.6673469387755102,0.2830188679245283,0.526,0.01
52174,0.6673469387755102,0.2830188679245283,0.526,0.01
52183,0.6693877551020408,0.29245283018867924,0.526,0.01
52192,0.6693877551020408,0.29245283018867924,0.526,0.01
52197,0.6693877551020408,0.29245283018867924,0.526,0.01
52202,0.6714285714285714,0.29245283018867924,0.528,0.01
52206,0.6714285714285714,0.29245283018867924,0.528,0.01
52209,0.6714285714285714,0.29245283018867924,0.528,0.01
52217,0.6714285714285714,0.29245283018867924,0.528,0.01
52223,0.6714285714285714,0.29245283018867924,0.528,0.01
52223,0.6714285714285714,0.29245283018867924,0.528,0.01
52226,0.6714285714285714,0.29245283018867924,0.528,0.01
52229,0.673469387755102,0.3018867924528302,0.53,0.01
52236,0.673469387755102,0.3018867924528302,0.53,0.01
52240,0.673469387755102,0.3018867924528302,0.53,0.01
52246,0.673469387755102,0.3018867924528302,0.532,0.01
52250,0.673469387755102,0.3018867924528302,0.532,0.01
52257,0.673469387755102,0.3018867924528302,0.532,0.01
52262,0.673469387755102,0.3018867924528302,0.532,0.01
52266,0.673469387755102,0.3018867924528302,0.532,0.01
52270,0.673469387755102,0.3018867924528302,0.532,0.01
52277,0.673469387755102,0.3018867924528302,0.532,0.01
52280,0.673469387755102,0.3018867924528302,0.532,0.01
52286,0.673469387755102,0.3018867924528302,0.532,0.01
52291,0.673469387755102,0.3018867924528302,0.534,0.01
52296,0.673469387755102,0.3018867924528302,0.534,0.01
52302,0.673469387755102,0.3018867924528302,0.534,0.01
52305,0.673469387755102,0.3018867924528302,0.534,0.01
52309,0.673469387755102,0.3018867924528302,0.534,0.01
52311,0.673469387755102,0.3018867924528302,0.534,0.01
52314,0.673469387755102,0.3018867924528302,0.534,0.01
52319,0.673469387755102,0.3018867924528302,0.534,0.01
52322,0.673469387755102,0.3018867924528302,0.534,0.01
52330,0.673469387755102,0.3018867924528302,0.534,0.01
52333,0.673469387755102,0.3018867924528302,0.534,0.01
52336,0.673469387755102,0.3018867924528302,0.534,0.01
52340,0.673469387755102,0.3018867924528302,0.534,0.01
52346,0.673469387755102,0.3018867924528302,0.534,0.01
52348,0.673469387755102,0.3018867924528302,0.534,0.01
52354,0.673469387755102,0.3018867924528302,0.534,0.01
52357,0.673469387755102,0.3018867924528302,0.534,0.01
52357,0.673469387755102,0.3018867924528302,0.534,0.01
52362,0.673469387755102,0.3018867924528302,0.536,0.01
52368,0.673469387755102,0.3018867924528302,0.536,0.01
52376,0.673469387755102,0.3018867924528302,0.538,0.01
52381,0.673469387755102,0.3018867924528302,0.538,0.01
52391,0.673469387755102,0.3018867924528302,0.538,0.01
52399,0.6755102040816326,0.3113207547169811,0.538,0.01
52400,0.6755102040816326,0.3113207547169811,0.538,0.01
52403,0.6755102040816326,0.3113207547169811,0.538,0.01
52406,0.6755102040816326,0.3113207547169811,0.54,0.01
52408,0.6755102040816326,0.3113207547169811,0.54,0.01
52412,0.6755102040816326,0.3113207547169811,0.54,0.01
52413,0.6755102040816326,0.3113207547169811,0.54,0.01
52417,0.6755102040816326,0.3113207547169811,0.54,0.01
52423,0.6755102040816326,0.3113207547169811,0.54,0.01
52431,0.6755102040816326,0.3113207547169811,0.54,0.01
52435,0.6755102040816326,0.3113207547169811,0.54,0.01
52438,0.6755102040816326,0.3113207547169811,0.54,0.01
52440,0.6755102040816326,0.3113207547169811,0.54,0.01
52444,0.6755102040816326,0.3113207547169811,0.54,0.01
52447,0.6755102040816326,0.3113207547169811,0.54,0.01
52449,0.6755102040816326,0.3113207547169811,0.54,0.01
52453,0.6755102040816326,0.3113207547169811,0.54,0.01
52460,0.6755102040816326,0.3113207547169811,0.54,0.01
52464,0.6755102040816326,0.3113207547169811,0.54,0.01
52469,0.6755102040816326,0.3113207547169811,0.54,0.01
52474,0.6755102040816326,0.3113207547169811,0.54,0.01
52481,0.6755102040816326,0.3113207547169811,0.542,0.01
52486,0.6755102040816326,0.3113207547169811,0.542,0.01
52491,0.6755102040816326,0.3113207547169811,0.542,0.01
52495,0.6755102040816326,0.3113207547169811,0.542,0.01
52500,0.6755102040816326,0.3113207547169811,0.544,0.01
52505,0.6755102040816326,0.3113207547169811,0.544,0.01
52510,0.6755102040816326,0.3113207547169811,0.544,0.01
52513,0.6775510204081633,0.3113207547169811,0.544,0.01
52522,0.6795918367346939,0.32075471698113206,0.546,0.01
52525,0.6795918367346939,0.32075471698113206,0.546,0.01
52529,0.6795918367346939,0.32075471698113206,0.546,0.01
52533,0.6795918367346939,0.32075471698113206,0.546,0.01
52535,0.6795918367346939,0.32075471698113206,0.546,0.01
52540,0.6795918367346939,0.32075471698113206,0.546,0.01
52543,0.6795918367346939,0.32075471698113206,0.546,0.01
52547,0.6795918367346939,0.32075471698113206,0.548,0.01
52550,0.6795918367346939,0.32075471698113206,0.548,0.01
52555,0.6816326530612244,0.32075471698113206,0.55,0.01
52557,0.6816326530612244,0.32075471698113206,0.55,0.01
52563,0.6836734693877551,0.32075471698113206,0.55,0.01
52567,0.6836734693877551,0.32075471698113206,0.55,0.01
52572,0.6857142857142857,0.32075471698113206,0.552,0.02
52581,0.6857142857142857,0.32075471698113206,0.552,0.02
52583,0.6877551020408164,0.32075471698113206,0.554,0.02
52586,0.6877551020408164,0.32075471698113206,0.554,0.02
52589,0.6877551020408164,0.32075471698113206,0.554,0.02
52594,0.6877551020408164,0.32075471698113206,0.554,0.02
52596,0.6877551020408164,0.32075471698113206,0.554,0.02
52602,0.689795918367347,0.32075471698113206,0.554,0.02
52603,0.689795918367347,0.32075471698113206,0.554,0.02
52608,0.689795918367347,0.32075471698113206,0.554,0.02
52611,0.689795918367347,0.32075471698113206,0.554,0.02
52616,0.689795918367347,0.32075471698113206,0.554,0.02
52619,0.689795918367347,0.32075471698113206,0.554,0.02
52621,0.689795918367347,0.32075471698113206,0.556,0.02
52626,0.689795918367347,0.32075471698113206,0.556,0.02
52628,0.689795918367347,0.32075471698113206,0.556,0.02
52630,0.689795918367347,0.32075471698113206,0.556,0.02
52632,0.689795918367347,0.32075471698113206,0.556,0.02
52635,0.689795918367347,0.32075471698113206,0.556,0.02
52638,0.689795918367347,0.32075471698113206,0.556,0.02
52641,0.689795918367347,0.32075471698113206,0.556,0.02
52643,0.689795918367347,0.32075471698113206,0.556,0.02
52646,0.6918367346938775,0.32075471698113206,0.558,0.02
52649,0.6918367346938775,0.32075471698113206,0.558,0.02
52657,0.6918367346938775,0.32075471698113206,0.558,0.02
52662,0.6918367346938775,0.32075471698113206,0.558,0.02
52665,0.6938775510204082,0.32075471698113206,0.558,0.02
52668,0.6938775510204082,0.32075471698113206,0.56,0.02
52673,0.6938775510204082,0.32075471698113206,0.56,0.02
52674,0.6938775510204082,0.32075471698113206,0.56,0.02
52681,0.6938775510204082,0.32075471698113206,0.56,0.02
52685,0.6938775510204082,0.32075471698113206,0.56,0.02
52690,0.6938775510204082,0.32075471698113206,0.56,0.02
52693,0.6938775510204082,0.32075471698113206,0.56,0.02
52696,0.6938775510204082,0.32075471698113206,0.56,0.02
52701,0.6959183673469388,0.32075471698113206,0.56,0.02
52703,0.6959183673469388,0.32075471698113206,0.56,0.02
52706,0.6959183673469388,0.32075471698113206,0.562,0.02
52707,0.6959183673469388,0.32075471698113206,0.562,0.02
52711,0.6959183673469388,0.32075471698113206,0.562,0.02
52715,0.6959183673469388,0.32075471698113206,0.562,0.02
52719,0.6959183673469388,0.32075471698113206,0.562,0.02
52724,0.6959183673469388,0.32075471698113206,0.562,0.02
52729,0.6959183673469388,0.32075471698113206,0.562,0.02
52736,0.6959183673469388,0.32075471698113206,0.564,0.02
52744,0.6959183673469388,0.32075471698113206,0.564,0.02
52748,0.6959183673469388,0.32075471698113206,0.564,0.02
52750,0.6959183673469388,0.32075471698113206,0.566,0.02
52751,0.6959183673469388,0.32075471698113206,0.568,0.02
52755,0.6959183673469388,0.32075471698113206,0.568,0.02
52761,0.6979591836734694,0.32075471698113206,0.568,0.02
52765,0.6979591836734694,0.32075471698113206,0.568,0.02
52767,0.6979591836734694,0.32075471698113206,0.568,0.02
52775,0.6979591836734694,0.32075471698113206,0.568,0.02
52780,0.6979591836734694,0.32075471698113206,0.568,0.02
52784,0.6979591836734694,0.32075471698113206,0.568,0.02
52787,0.6979591836734694,0.32075471698113206,0.568,0.02
52792,0.6979591836734694,0.32075471698113206,0.568,0.02
52797,0.6979591836734694,0.32075471698113206,0.568,0.02
52801,0.6979591836734694,0.32075471698113206,0.568,0.02
52803,0.6979591836734694,0.32075471698113206,0.568,0.02
52807,0.6979591836734694,0.32075471698113206,0.568,0.02
52809,0.6979591836734694,0.32075471698113206,0.568,0.02
52811,0.6979591836734694,0.32075471698113206,0.568,0.02
52812,0.6979591836734694,0.32075471698113206,0.568,0.02
52814,0.6979591836734694,0.32075471698113206,0.568,0.02
52819,0.7,0.32075471698113206,0.568,0.02
52821,0.7,0.32075471698113206,0.568,0.02
52822,0.7,0.32075471698113206,0.568,0.02
52828,0.7020408163265306,0.330188679245283,0.57,0.02
52831,0.7020408163265306,0.330188679245283,0.57,0.02
52834,0.7020408163265306,0.330188679245283,0.57,0.02
52835,0.7020408163265306,0.330188679245283,0.57,0.02
52839,0.7020408163265306,0.330188679245283,0.57,0.02
52841,0.7020408163265306,0.330188679245283,0.57,0.02
52845,0.7020408163265306,0.330188679245283,0.57,0.02
52850,0.7020408163265306,0.330188679245283,0.57,0.02
52853,0.7020408163265306,0.330188679245283,0.57,0.02
52857,0.7020408163265306,0.330188679245283,0.57,0.02
52858,0.7020408163265306,0.330188679245283,0.57,0.02
52859,0.7020408163265306,0.330188679245283,0.57,0.02
52862,0.7020408163265306,0.330188679245283,0.57,0.02
52865,0.7020408163265306,0.330188679245283,0.57,0.02
52870,0.7020408163265306,0.330188679245283,0.57,0.02
52872,0.7020408163265306,0.330188679245283,0.57,0.02
52875,0.7040816326530612,0.330188679245283,0.57,0.02
52877,0.7040816326530612,0.330188679245283,0.57,0.02
52879,0.7040816326530612,0.330188679245283,0.57,0.02
52880,0.7040816326530612,0.330188679245283,0.57,0.02
52885,0.7040816326530612,0.330188679245283,0.57,0.02
52887,0.7040816326530612,0.330188679245283,0.57,0.02
52890,0.7040816326530612,0.330188679245283,0.572,0.02
52891,0.7040816326530612,0.330188679245283,0.572,0.02
52892,0.7040816326530612,0.330188679245283,0.572,0.02
52896,0.7040816326530612,0.330188679245283,0.572,0.02
52897,0.7040816326530612,0.330188679245283,0.572,0.02
52899,0.7040816326530612,0.330188679245283,0.572,0.02
52902,0.7040816326530612,0.330188679245283,0.572,0.02
52902,0.7040816326530612,0.330188679245283,0.572,0.02
52904,0.7040816326530612,0.330188679245283,0.572,0.02
52906,0.7040816326530612,0.330188679245283,0.572,0.02
52909,0.7040816326530612,0.330188679245283,0.572,0.02
52911,0.7040816326530612,0.330188679245283,0.572,0.02
52913,0.7040816326530612,0.330188679245283,0.572,0.02
52916,0.7040816326530612,0.330188679245283,0.572,0.02
52919,0.7040816326530612,0.330188679245283,0.572,0.02
52928,0.7040816326530612,0.330188679245283,0.572,0.02
52934,0.7040816326530612,0.330188679245283,0.572,0.02
52938,0.7040816326530612,0.330188679245283,0.574,0.02
52941,0.7040816326530612,0.330188679245283,0.574,0.02
52943,0.7040816326530612,0.330188679245283,0.574,0.02
52943,0.7040816326530612,0.330188679245283,0.574,0.02
52945,0.7040816326530612,0.330188679245283,0.574,0.02
52945,0.7040816326530612,0.330188679245283,0.574,0.02
52949,0.7040816326530612,0.330188679245283,0.574,0.02
52951,0.7040816326530612,0.330188679245283,0.574,0.02
52955,0.7040816326530612,0.330188679245283,0.574,0.02
52960,0.7040816326530612,0.330188679245283,0.574,0.02
52965,0.7040816326530612,0.330188679245283,0.576,0.02
52969,0.7040816326530612,0.330188679245283,0.578,0.02
52970,0.7040816326530612,0.330188679245283,0.578,0.02
52974,0.7040816326530612,0.330188679245283,0.578,0.02
52979,0.7040816326530612,0.330188679245283,0.58,0.02
52981,0.7040816326530612,0.330188679245283,0.58,0.02
52983,0.7040816326530612,0.330188679245283,0.58,0.02
52984,0.7040816326530612,0.330188679245283,0.58,0.02
52984,0.7040816326530612,0.330188679245283,0.58,0.02
52985,0.7061224489795919,0.330188679245283,0.58,0.02
52987,0.7061224489795919,0.330188679245283,0.58,0.02
52992,0.7061224489795919,0.330188679245283,0.58,0.02
52995,0.7061224489795919,0.330188679245283,0.58,0.02
52997,0.7061224489795919,0.330188679245283,0.58,0.02
53000,0.7061224489795919,0.330188679245283,0.582,0.02
53006,0.7061224489795919,0.330188679245283,0.584,0.02
53009,0.7061224489795919,0.330188679245283,0.586,0.02
53011,0.7061224489795919,0.330188679245283,0.586,0.02
53012,0.7061224489795919,0.330188679245283,0.586,0.02
53013,0.7061224489795919,0.330188679245283,0.586,0.02
53015,0.7061224489795919,0.330188679245283,0.586,0.02
53019,0.7061224489795919,0.330188679245283,0.586,0.02
53027,0.7061224489795919,0.330188679245283,0.586,0.02
53031,0.7061224489795919,0.330188679245283,0.586,0.02
53032,0.7061224489795919,0.330188679245283,0.586,0.02
53035,0.7061224489795919,0.330188679245283,0.586,0.02
53039,0.7061224489795919,0.330188679245283,0.586,0.02
53043,0.7061224489795919,0.330188679245283,0.586,0.02
53048,0.7061224489795919,0.330188679245283,0.586,0.02
53053,0.7061224489795919,0.330188679245283,0.586,0.02
53060,0.7061224489795919,0.330188679245283,0.586,0.02
53064,0.7061224489795919,0.330188679245283,0.586,0.02
53067,0.7081632653061225,0.330188679245283,0.586,0.02
53070,0.7081632653061225,0.330188679245283,0.586,0.02
53072,0.7081632653061225,0.330188679245283,0.586,0.02
53076,0.710204081632653,0.330188679245283,0.586,0.02
53081,0.710204081632653,0.330188679245283,0.586,0.02
53084,0.710204081632653,0.330188679245283,0.586,0.02
53087,0.710204081632653,0.330188679245283,0.586,0.02
53088,0.710204081632653,0.330188679245283,0.586,0.02
53092,0.7122448979591837,0.33962264150943394,0.586,0.02
53093,0.7122448979591837,0.33962264150943394,0.586,0.02
53093,0.7122448979591837,0.33962264150943394,0.586,0.02
53099,0.7122448979591837,0.33962264150943394,0.586,0.02
53101,0.7122448979591837,0.33962264150943394,0.586,0.02
53106,0.7122448979591837,0.33962264150943394,0.588,0.02
53111,0.7142857142857143,0.33962264150943394,0.588,0.02
53113,0.7142857142857143,0.33962264150943394,0.588,0.02
53117,0.7142857142857143,0.33962264150943394,0.59,0.02
53120,0.7142857142857143,0.33962264150943394,0.59,0.02
53122,0.7142857142857143,0.33962264150943394,0.59,0.02
53126,0.7142857142857143,0.33962264150943394,0.59,0.02
53130,0.7142857142857143,0.33962264150943394,0.59,0.02
53132,0.7142857142857143,0.33962264150943394,0.592,0.02
53132,0.7142857142857143,0.33962264150943394,0.592,0.02
53141,0.7142857142857143,0.33962264150943394,0.592,0.02
53144,0.7142857142857143,0.33962264150943394,0.592,0.02
53151,0.7142857142857143,0.33962264150943394,0.592,0.02
53157,0.7142857142857143,0.33962264150943394,0.592,0.02
53160,0.7142857142857143,0.33962264150943394,0.592,0.02
53161,0.7142857142857143,0.33962264150943394,0.592,0.02
53164,0.7142857142857143,0.33962264150943394,0.592,0.02
53167,0.7142857142857143,0.33962264150943394,0.592,0.02
53168,0.7142857142857143,0.33962264150943394,0.592,0.02
53172,0.7142857142857143,0.33962264150943394,0.592,0.02
53175,0.7142857142857143,0.33962264150943394,0.592,0.02
53178,0.7142857142857143,0.33962264150943394,0.592,0.02
53178,0.7142857142857143,0.33962264150943394,0.592,0.02
53178,0.7142857142857143,0.33962264150943394,0.592,0.02
53179,0.7142857142857143,0.33962264150943394,0.592,0.02
53182,0.7142857142857143,0.33962264150943394,0.592,0.02
53185,0.7142857142857143,0.33962264150943394,0.592,0.02
53186,0.7142857142857143,0.33962264150943394,0.592,0.02
53188,0.7142857142857143,0.33962264150943394,0.592,0.02
53192,0.7142857142857143,0.33962264150943394,0.592,0.02
53194,0.7142857142857143,0.33962264150943394,0.594,0.02
53197,0.7142857142857143,0.33962264150943394,0.594,0.02
53200,0.7142857142857143,0.33962264150943394,0.594,0.02
53202,0.7142857142857143,0.33962264150943394,0.594,0.02
53208,0.7142857142857143,0.33962264150943394,0.594,0.02
53212,0.7142857142857143,0.33962264150943394,0.596,0.02
53215,0.7142857142857143,0.33962264150943394,0.596,0.02
53217,0.7142857142857143,0.33962264150943394,0.596,0.02
53220,0.7142857142857143,0.33962264150943394,0.596,0.02
53223,0.7163265306122449,0.3490566037735849,0.596,0.02
53224,0.7163265306122449,0.3490566037735849,0.596,0.02
53225,0.7163265306122449,0.3490566037735849,0.596,0.02
53226,0.7163265306122449,0.3490566037735849,0.596,0.02
53227,0.7163265306122449,0.3490566037735849,0.596,0.02
53228,0.7163265306122449,0.3490566037735849,0.596,0.02
53231,0.7163265306122449,0.3490566037735849,0.596,0.02
53231,0.7163265306122449,0.3490566037735849,0.596,0.02
53233,0.7163265306122449,0.3490566037735849,0.596,0.02
53234,0.7163265306122449,0.3490566037735849,0.596,0.02
53235,0.7163265306122449,0.3490566037735849,0.596,0.02
53235,0.7163265306122449,0.3490566037735849,0.596,0.02
53238,0.7163265306122449,0.3490566037735849,0.596,0.02
53241,0.7163265306122449,0.3490566037735849,0.596,0.02
53244,0.7163265306122449,0.3490566037735849,0.598,0.02
53248,0.7163265306122449,0.3490566037735849,0.598,0.02
53249,0.7163265306122449,0.3490566037735849,0.598,0.02
53250,0.7163265306122449,0.3490566037735849,0.6,0.02
53253,0.7163265306122449,0.3490566037735849,0.6,0.02
53255,0.7163265306122449,0.3490566037735849,0.6,0.02
53258,0.7163265306122449,0.3490566037735849,0.6,0.02
53260,0.7183673469387755,0.3490566037735849,0.602,0.02
53264,0.7183673469387755,0.3490566037735849,0.602,0.02
53268,0.7183673469387755,0.3490566037735849,0.602,0.02
53271,0.7183673469387755,0.3490566037735849,0.602,0.02
53273,0.7183673469387755,0.3490566037735849,0.602,0.02
53274,0.7183673469387755,0.3490566037735849,0.602,0.02
53275,0.7183673469387755,0.3490566037735849,0.602,0.02
53276,0.7183673469387755,0.3490566037735849,0.602,0.02
53277,0.7183673469387755,0.3490566037735849,0.602,0.02
53277,0.7183673469387755,0.3490566037735849,0.602,0.02
53283,0.7183673469387755,0.3490566037735849,0.602,0.02
53284,0.7183673469387755,0.3490566037735849,0.602,0.02
53288,0.7183673469387755,0.3490566037735849,0.604,0.02
53290,0.7183673469387755,0.3490566037735849,0.604,0.02
53290,0.7183673469387755,0.3490566037735849,0.604,0.02
53293,0.7183673469387755,0.3490566037735849,0.604,0.02
53297,0.7183673469387755,0.3490566037735849,0.604,0.02
53299,0.7183673469387755,0.3490566037735849,0.604,0.02
53302,0.7183673469387755,0.3490566037735849,0.604,0.02
53303,0.7183673469387755,0.3490566037735849,0.604,0.02
53303,0.7183673469387755,0.3490566037735849,0.604,0.02
53306,0.7183673469387755,0.3490566037735849,0.604,0.02
53308,0.7183673469387755,0.3490566037735849,0.604,0.02
53310,0.7183673469387755,0.3490566037735849,0.604,0.02
53312,0.7183673469387755,0.3490566037735849,0.604,0.02
53313,0.7183673469387755,0.3490566037735849,0.604,0.02
53314,0.7183673469387755,0.3490566037735849,0.604,0.02
53315,0.7183673469387755,0.3490566037735849,0.604,0.02
53317,0.7183673469387755,0.3490566037735849,0.604,0.02
53318,0.7183673469387755,0.3490566037735849,0.604,0.02
53320,0.7183673469387755,0.3490566037735849,0.604,0.02
53322,0.7183673469387755,0.3490566037735849,0.604,0.02
53326,0.7183673469387755,0.3490566037735849,0.604,0.02
53328,0.7183673469387755,0.3490566037735849,0.604,0.02
53328,0.7183673469387755,0.3490566037735849,0.604,0.02
53331,0.7183673469387755,0.3490566037735849,0.604,0.02
53331,0.7183673469387755,0.3490566037735849,0.604,0.02
53332,0.7183673469387755,0.3490566037735849,0.604,0.02
53332,0.7183673469387755,0.3490566037735849,0.604,0.02
53334,0.7183673469387755,0.3490566037735849,0.606,0.02
53338,0.7183673469387755,0.3490566037735849,0.606,0.02
53343,0.7183673469387755,0.3490566037735849,0.606,0.02
53344,0.7183673469387755,0.3490566037735849,0.606,0.02
53348,0.7183673469387755,0.3490566037735849,0.606,0.02
53349,0.7183673469387755,0.3490566037735849,0.606,0.02
53351,0.7183673469387755,0.3490566037735849,0.606,0.02
53353,0.7183673469387755,0.3490566037735849,0.606,0.02
53355,0.7183673469387755,0.3490566037735849,0.606,0.02
53357,0.7183673469387755,0.3490566037735849,0.606,0.02
53359,0.7183673469387755,0.3490566037735849,0.606,0.02
53360,0.7183673469387755,0.3490566037735849,0.606,0.02
53362,0.7183673469387755,0.3490566037735849,0.608,0.02
53364,0.7183673469387755,0.3490566037735849,0.61,0.02
53365,0.7183673469387755,0.3490566037735849,0.61,0.02
53366,0.7183673469387755,0.3490566037735849,0.61,0.02
53368,0.7183673469387755,0.3490566037735849,0.61,0.02
53371,0.7183673469387755,0.3490566037735849,0.61,0.02
53373,0.7183673469387755,0.3490566037735849,0.61,0.02
53375,0.7183673469387755,0.3490566037735849,0.61,0.02
53376,0.7183673469387755,0.3490566037735849,0.61,0.02
53378,0.7204081632653061,0.3490566037735849,0.612,0.02
53379,0.7224489795918367,0.3490566037735849,0.612,0.02
53380,0.7224489795918367,0.3490566037735849,0.612,0.02
53382,0.7224489795918367,0.3490566037735849,0.612,0.02
53384,0.7224489795918367,0.3490566037735849,0.612,0.02
53386,0.7224489795918367,0.3490566037735849,0.612,0.02
53388,0.7224489795918367,0.3490566037735849,0.612,0.02
53390,0.7224489795918367,0.3490566037735849,0.612,0.02
53391,0.7224489795918367,0.3490566037735849,0.612,0.02
53392,0.7224489795918367,0.3490566037735849,0.612,0.02
53395,0.7224489795918367,0.3490566037735849,0.614,0.02
53396,0.7224489795918367,0.3490566037735849,0.614,0.02
53396,0.7224489795918367,0.3490566037735849,0.614,0.02
53398,0.7224489795918367,0.3490566037735849,0.614,0.02
53403,0.7224489795918367,0.3490566037735849,0.614,0.02
53404,0.7224489795918367,0.3490566037735849,0.614,0.02
53406,0.7224489795918367,0.3490566037735849,0.614,0.02
53409,0.7224489795918367,0.3490566037735849,0.614,0.02
53411,0.7224489795918367,0.3490566037735849,0.614,0.02
53414,0.7224489795918367,0.3490566037735849,0.614,0.02
53414,0.7224489795918367,0.3490566037735849,0.614,0.02
53417,0.7224489795918367,0.3490566037735849,0.614,0.02
53417,0.7224489795918367,0.3490566037735849,0.614,0.02
53419,0.7224489795918367,0.3490566037735849,0.614,0.02
53420,0.7224489795918367,0.3490566037735849,0.614,0.02
53423,0.7224489795918367,0.3490566037735849,0.614,0.02
53425,0.7224489795918367,0.3490566037735849,0.614,0.02
53426,0.7224489795918367,0.3490566037735849,0.614,0.02
53428,0.7224489795918367,0.3490566037735849,0.614,0.02
53430,0.7224489795918367,0.3490566037735849,0.614,0.02
53433,0.7224489795918367,0.3490566037735849,0.614,0.02
53436,0.7224489795918367,0.3490566037735849,0.614,0.02
53439,0.7224489795918367,0.3490566037735849,0.614,0.02
53440,0.7224489795918367,0.3490566037735849,0.614,0.02
53442,0.7224489795918367,0.3490566037735849,0.614,0.02
53442,0.7224489795918367,0.3490566037735849,0.614,0.02
53444,0.7224489795918367,0.3490566037735849,0.614,0.02
53444,0.7224489795918367,0.3490566037735849,0.614,0.02
53449,0.7224489795918367,0.3490566037735849,0.614,0.02
53452,0.7224489795918367,0.3490566037735849,0.616,0.02
53453,0.7224489795918367,0.3490566037735849,0.616,0.02
53456,0.7224489795918367,0.3490566037735849,0.616,0.02
53457,0.7224489795918367,0.3490566037735849,0.616,0.02
53458,0.7224489795918367,0.3490566037735849,0.616,0.02
53459,0.7224489795918367,0.3490566037735849,0.616,0.02
53461,0.7224489795918367,0.3490566037735849,0.616,0.02
53463,0.7224489795918367,0.3490566037735849,0.616,0.02
53464,0.7224489795918367,0.3490566037735849,0.616,0.02
53464,0.7224489795918367,0.3490566037735849,0.616,0.02
53467,0.7224489795918367,0.3490566037735849,0.616,0.02
53468,0.7224489795918367,0.3490566037735849,0.616,0.02
53471,0.7224489795918367,0.3490566037735849,0.616,0.02
53472,0.7224489795918367,0.3490566037735849,0.616,0.02
53473,0.7224489795918367,0.3490566037735849,0.616,0.02
53474,0.7224489795918367,0.3490566037735849,0.616,0.02
53474,0.7224489795918367,0.3490566037735849,0.616,0.02
53477,0.7224489795918367,0.3490566037735849,0.616,0.02
53480,0.7224489795918367,0.3490566037735849,0.616,0.02
53482,0.7224489795918367,0.3490566037735849,0.616,0.02
53483,0.7224489795918367,0.3490566037735849,0.616,0.02
53486,0.7224489795918367,0.3490566037735849,0.618,0.02
53489,0.7244897959183674,0.3490566037735849,0.62,0.02
53492,0.7244897959183674,0.3490566037735849,0.62,0.02
53493,0.7244897959183674,0.3490566037735849,0.62,0.02
53494,0.7244897959183674,0.3490566037735849,0.62,0.02
53494,0.7244897959183674,0.3490566037735849,0.62,0.02
53495,0.7244897959183674,0.3490566037735849,0.62,0.02
53497,0.7244897959183674,0.3490566037735849,0.62,0.02
53499,0.7244897959183674,0.3490566037735849,0.62,0.02
53501,0.7244897959183674,0.3490566037735849,0.62,0.02
53503,0.7244897959183674,0.3490566037735849,0.62,0.02
53506,0.7244897959183674,0.3490566037735849,0.62,0.02
53509,0.7244897959183674,0.3490566037735849,0.62,0.02
53510,0.7244897959183674,0.3490566037735849,0.62,0.02
53511,0.7244897959183674,0.3490566037735849,0.62,0.02
53512,0.7244897959183674,0.3490566037735849,0.62,0.02
53516,0.7244897959183674,0.3490566037735849,0.622,0.02
53516,0.7244897959183674,0.3490566037735849,0.622,0.02
53517,0.7244897959183674,0.3490566037735849,0.622,0.02
53519,0.7244897959183674,0.3490566037735849,0.622,0.02
53521,0.7244897959183674,0.3490566037735849,0.622,0.02
53521,0.7244897959183674,0.3490566037735849,0.622,0.02
53522,0.7244897959183674,0.3490566037735849,0.622,0.02
53524,0.7244897959183674,0.3490566037735849,0.622,0.02
53525,0.7244897959183674,0.3490566037735849,0.622,0.02
53526,0.7244897959183674,0.3490566037735849,0.622,0.02
53528,0.7244897959183674,0.3490566037735849,0.622,0.02
53529,0.7244897959183674,0.3490566037735849,0.622,0.02
53532,0.7244897959183674,0.3490566037735849,0.622,0.02
53533,0.7244897959183674,0.3490566037735849,0.622,0.02
53535,0.7244897959183674,0.3490566037735849,0.622,0.02
53536,0.7244897959183674,0.3490566037735849,0.622,0.02
53537,0.7244897959183674,0.3490566037735849,0.622,0.02
53537,0.7244897959183674,0.3490566037735849,0.622,0.02
53539,0.7244897959183674,0.3490566037735849,0.622,0.02
53541,0.7244897959183674,0.3490566037735849,0.622,0.02
53542,0.7244897959183674,0.3490566037735849,0.622,0.02
53544,0.7244897959183674,0.3490566037735849,0.622,0.02
53544,0.7244897959183674,0.3490566037735849,0.622,0.02
53546,0.7244897959183674,0.3490566037735849,0.622,0.02
53547,0.7244897959183674,0.3490566037735849,0.622,0.02
53547,0.7244897959183674,0.3490566037735849,0.622,0.02
53547,0.7244897959183674,0.3490566037735849,0.622,0.02
53548,0.7244897959183674,0.3490566037735849,0.622,0.02
53548,0.7244897959183674,0.3490566037735849,0.622,0.02
53549,0.7244897959183674,0.3490566037735849,0.624,0.02
53551,0.7244897959183674,0.3490566037735849,0.624,0.02
53553,0.7244897959183674,0.3490566037735849,0.624,0.02
53555,0.7244897959183674,0.3490566037735849,0.624,0.02
53555,0.7244897959183674,0.3490566037735849,0.624,0.02
53556,0.7244897959183674,0.3490566037735849,0.624,0.02
53557,0.7244897959183674,0.3490566037735849,0.624,0.02
53558,0.7244897959183674,0.3490566037735849,0.624,0.02
53558,0.7244897959183674,0.3490566037735849,0.624,0.02
53560,0.7244897959183674,0.3490566037735849,0.624,0.02
53563,0.726530612244898,0.3490566037735849,0.624,0.02
53564,0.726530612244898,0.3490566037735849,0.624,0.02
53566,0.726530612244898,0.3490566037735849,0.624,0.02
53567,0.726530612244898,0.3490566037735849,0.624,0.02
53569,0.726530612244898,0.3490566037735849,0.624,0.02
53571,0.726530612244898,0.3490566037735849,0.624,0.02
53574,0.726530612244898,0.3490566037735849,0.624,0.02
53576,0.726530612244898,0.3490566037735849,0.624,0.02
53577,0.726530612244898,0.3490566037735849,0.624,0.02
53579,0.726530612244898,0.3490566037735849,0.624,0.02
53580,0.726530612244898,0.3490566037735849,0.624,0.02
53581,0.726530612244898,0.3490566037735849,0.624,0.02
53583,0.726530612244898,0.3490566037735849,0.624,0.02
53585,0.726530612244898,0.3490566037735849,0.624,0.02
53585,0.726530612244898,0.3490566037735849,0.624,0.02
53586,0.726530612244898,0.3490566037735849,0.624,0.02
53586,0.726530612244898,0.3490566037735849,0.624,0.02
53586,0.726530612244898,0.3490566037735849,0.624,0.02
53587,0.726530612244898,0.3490566037735849,0.624,0.02
53589,0.726530612244898,0.3490566037735849,0.626,0.02
53589,0.726530612244898,0.3490566037735849,0.626,0.02
53591,0.726530612244898,0.3490566037735849,0.628,0.02
53592,0.726530612244898,0.3490566037735849,0.628,0.02
53593,0.726530612244898,0.3490566037735849,0.628,0.02
53594,0.726530612244898,0.3490566037735849,0.628,0.02
53594,0.726530612244898,0.3490566037735849,0.628,0.02
53594,0.726530612244898,0.3490566037735849,0.628,0.02
53595,0.726530612244898,0.3490566037735849,0.63,0.02
53596,0.726530612244898,0.3490566037735849,0.63,0.02
53599,0.7285714285714285,0.3490566037735849,0.634,0.02
53602,0.7285714285714285,0.3490566037735849,0.634,0.02
53603,0.7285714285714285,0.3490566037735849,0.634,0.02
53604,0.7285714285714285,0.3490566037735849,0.634,0.02
53605,0.7285714285714285,0.3490566037735849,0.634,0.02
53607,0.7285714285714285,0.3490566037735849,0.634,0.02
53607,0.7285714285714285,0.3490566037735849,0.634,0.02
53610,0.7285714285714285,0.3490566037735849,0.634,0.02
53610,0.7285714285714285,0.3490566037735849,0.634,0.02
53612,0.7285714285714285,0.3490566037735849,0.634,0.02
53613,0.7285714285714285,0.3490566037735849,0.634,0.02
53613,0.7285714285714285,0.3490566037735849,0.634,0.02
53614,0.7285714285714285,0.3490566037735849,0.634,0.02
53617,0.7285714285714285,0.3490566037735849,0.634,0.02
53619,0.7285714285714285,0.3490566037735849,0.634,0.02
53620,0.7285714285714285,0.3490566037735849,0.636,0.02
53621,0.7285714285714285,0.3490566037735849,0.636,0.02
53622,0.7285714285714285,0.3490566037735849,0.636,0.02
53623,0.7285714285714285,0.3490566037735849,0.636,0.02
53623,0.7285714285714285,0.3490566037735849,0.636,0.02
53625,0.7285714285714285,0.3490566037735849,0.636,0.02
53625,0.7285714285714285,0.3490566037735849,0.636,0.02
53627,0.7285714285714285,0.3490566037735849,0.636,0.02
53627,0.7285714285714285,0.3490566037735849,0.636,0.02
53627,0.7285714285714285,0.3490566037735849,0.636,0.02
53627,0.7285714285714285,0.3490566037735849,0.636,0.02
53629,0.7285714285714285,0.3490566037735849,0.636,0.02
53630,0.7285714285714285,0.3490566037735849,0.636,0.02
53630,0.7285714285714285,0.3490566037735849,0.636,0.02
53631,0.7285714285714285,0.3490566037735849,0.636,0.02
53632,0.7285714285714285,0.3490566037735849,0.636,0.02
53633,0.7285714285714285,0.3490566037735849,0.636,0.02
53635,0.7285714285714285,0.3490566037735849,0.638,0.03
53636,0.7285714285714285,0.3490566037735849,0.638,0.03
53637,0.7285714285714285,0.3490566037735849,0.638,0.03
53638,0.7285714285714285,0.3490566037735849,0.638,0.03
53640,0.7306122448979592,0.3490566037735849,0.638,0.03
53641,0.7306122448979592,0.3490566037735849,0.638,0.03
53641,0.7306122448979592,0.3490566037735849,0.638,0.03
53642,0.7306122448979592,0.3490566037735849,0.638,0.03
53643,0.7306122448979592,0.3490566037735849,0.638,0.03
53647,0.7306122448979592,0.3490566037735849,0.638,0.03
53648,0.7306122448979592,0.3490566037735849,0.638,0.03
53650,0.7306122448979592,0.3490566037735849,0.638,0.03
53650,0.7306122448979592,0.3490566037735849,0.638,0.03
53650,0.7306122448979592,0.3490566037735849,0.638,0.03
53652,0.7306122448979592,0.3490566037735849,0.638,0.03
53652,0.7306122448979592,0.3490566037735849,0.638,0.03
53652,0.7306122448979592,0.3490566037735849,0.638,0.03
53652,0.7306122448979592,0.3490566037735849,0.638,0.03
53652,0.7306122448979592,0.3490566037735849,0.638,0.03
53653,0.7306122448979592,0.3490566037735849,0.638,0.03
53655,0.7306122448979592,0.3490566037735849,0.638,0.03
53655,0.7306122448979592,0.3490566037735849,0.638,0.03
53657,0.7306122448979592,0.3490566037735849,0.638,0.03
53660,0.7306122448979592,0.3490566037735849,0.638,0.03
53660,0.7306122448979592,0.3490566037735849,0.638,0.03
53660,0.7306122448979592,0.3490566037735849,0.638,0.03
53662,0.7306122448979592,0.3490566037735849,0.638,0.03
53662,0.7306122448979592,0.3490566037735849,0.638,0.03
53664,0.7306122448979592,0.3490566037735849,0.638,0.03
53665,0.7306122448979592,0.3490566037735849,0.638,0.03
53666,0.7306122448979592,0.3490566037735849,0.638,0.03
53666,0.7306122448979592,0.3490566037735849,0.638,0.03
53667,0.7306122448979592,0.3490566037735849,0.638,0.03
53668,0.7306122448979592,0.3490566037735849,0.638,0.03
53670,0.7306122448979592,0.3490566037735849,0.638,0.03
53672,0.7306122448979592,0.3490566037735849,0.64,0.03
53672,0.7306122448979592,0.3490566037735849,0.64,0.03
53672,0.7306122448979592,0.3490566037735849,0.64,0.03
53675,0.7306122448979592,0.3490566037735849,0.64,0.03
53677,0.7306122448979592,0.3490566037735849,0.64,0.03
53678,0.7306122448979592,0.3490566037735849,0.64,0.03
53680,0.7306122448979592,0.3490566037735849,0.64,0.03
53682,0.7306122448979592,0.3490566037735849,0.64,0.03
53685,0.7306122448979592,0.3490566037735849,0.64,0.03
53685,0.7306122448979592,0.3490566037735849,0.64,0.03
53685,0.7306122448979592,0.3490566037735849,0.64,0.03
53685,0.7306122448979592,0.3490566037735849,0.64,0.03
53687,0.7306122448979592,0.3490566037735849,0.64,0.03
53689,0.7306122448979592,0.3490566037735849,0.642,0.03
53689,0.7306122448979592,0.3490566037735849,0.642,0.03
53690,0.7306122448979592,0.3490566037735849,0.644,0.03
53690,0.7306122448979592,0.3490566037735849,0.644,0.03
53690,0.7306122448979592,0.3490566037735849,0.644,0.03
53690,0.7306122448979592,0.3490566037735849,0.644,0.03
53691,0.7326530612244898,0.3490566037735849,0.644,0.03
53692,0.7326530612244898,0.3490566037735849,0.644,0.03
53693,0.7326530612244898,0.3490566037735849,0.644,0.03
53693,0.7326530612244898,0.3490566037735849,0.644,0.03
53693,0.7326530612244898,0.3490566037735849,0.644,0.03
53694,0.7326530612244898,0.3490566037735849,0.644,0.03
53696,0.7326530612244898,0.3490566037735849,0.644,0.03
53699,0.7346938775510204,0.3584905660377358,0.648,0.03
53700,0.7346938775510204,0.3584905660377358,0.648,0.03
53702,0.7346938775510204,0.3584905660377358,0.648,0.03
53702,0.7346938775510204,0.3584905660377358,0.648,0.03
53705,0.7346938775510204,0.3584905660377358,0.648,0.03
53706,0.7346938775510204,0.3584905660377358,0.648,0.03
53708,0.7346938775510204,0.3584905660377358,0.648,0.03
53708,0.7346938775510204,0.3584905660377358,0.648,0.03
53709,0.7346938775510204,0.3584905660377358,0.648,0.03
53711,0.7346938775510204,0.3584905660377358,0.648,0.03
53712,0.7346938775510204,0.3584905660377358,0.65,0.03
53714,0.7346938775510204,0.3584905660377358,0.654,0.03
53716,0.7346938775510204,0.3584905660377358,0.654,0.03
53717,0.7346938775510204,0.3584905660377358,0.654,0.03
53717,0.7346938775510204,0.3584905660377358,0.654,0.03
53719,0.7346938775510204,0.3584905660377358,0.654,0.03
53719,0.7346938775510204,0.3584905660377358,0.654,0.03
53719,0.7346938775510204,0.3584905660377358,0.654,0.03
53719,0.7346938775510204,0.3584905660377358,0.654,0.03
53719,0.7346938775510204,0.3584905660377358,0.654,0.03
53720,0.7346938775510204,0.3584905660377358,0.654,0.03
53721,0.7346938775510204,0.3584905660377358,0.654,0.03
53721,0.7346938775510204,0.3584905660377358,0.654,0.03
53722,0.7346938775510204,0.3584905660377358,0.654,0.03
53724,0.7346938775510204,0.3584905660377358,0.656,0.03
53724,0.7346938775510204,0.3584905660377358,0.656,0.03
53724,0.7346938775510204,0.3584905660377358,0.656,0.03
53725,0.7346938775510204,0.3584905660377358,0.656,0.03
53726,0.7346938775510204,0.3584905660377358,0.656,0.03
53728,0.7346938775510204,0.3584905660377358,0.656,0.03
53730,0.7346938775510204,0.3584905660377358,0.656,0.03
53732,0.7346938775510204,0.3584905660377358,0.656,0.03
53732,0.7346938775510204,0.3584905660377358,0.656,0.03
53732,0.7346938775510204,0.3584905660377358,0.656,0.03
53733,0.7346938775510204,0.3584905660377358,0.656,0.03
53733,0.7346938775510204,0.3584905660377358,0.656,0.03
53733,0.7346938775510204,0.3584905660377358,0.656,0.03
53735,0.7346938775510204,0.3584905660377358,0.658,0.03
53736,0.7346938775510204,0.3584905660377358,0.658,0.03
53739,0.7346938775510204,0.3584905660377358,0.658,0.03
53739,0.7346938775510204,0.3584905660377358,0.658,0.03
53741,0.7346938775510204,0.3584905660377358,0.658,0.03
53741,0.7346938775510204,0.3584905660377358,0.658,0.03
53741,0.7346938775510204,0.3584905660377358,0.658,0.03
53741,0.7346938775510204,0.3584905660377358,0.658,0.03
53744,0.7346938775510204,0.3584905660377358,0.658,0.03
53744,0.7346938775510204,0.3584905660377358,0.658,0.03
53746,0.7346938775510204,0.3584905660377358,0.658,0.03
53747,0.7346938775510204,0.3584905660377358,0.66,0.03
53749,0.7346938775510204,0.3584905660377358,0.66,0.03
53751,0.7346938775510204,0.3584905660377358,0.66,0.03
53752,0.7346938775510204,0.3584905660377358,0.66,0.03
53753,0.7346938775510204,0.3584905660377358,0.66,0.03
53754,0.7346938775510204,0.3584905660377358,0.66,0.03
53756,0.7346938775510204,0.3584905660377358,0.66,0.03
53757,0.7346938775510204,0.3584905660377358,0.66,0.03
53758,0.7346938775510204,0.3584905660377358,0.66,0.03
53759,0.7346938775510204,0.3584905660377358,0.66,0.03
53759,0.7346938775510204,0.3584905660377358,0.66,0.03
53759,0.7346938775510204,0.3584905660377358,0.66,0.03
53761,0.7346938775510204,0.3584905660377358,0.66,0.03
53762,0.7346938775510204,0.3584905660377358,0.66,0.03
53763,0.7346938775510204,0.3584905660377358,0.66,0.03
53764,0.7346938775510204,0.3584905660377358,0.66,0.03
53767,0.7346938775510204,0.3584905660377358,0.66,0.03
53767,0.7346938775510204,0.3584905660377358,0.66,0.03
53770,0.7346938775510204,0.3584905660377358,0.66,0.03
53771,0.7346938775510204,0.3584905660377358,0.66,0.03
53771,0.7346938775510204,0.3584905660377358,0.66,0.03
53772,0.7346938775510204,0.3584905660377358,0.66,0.03
53772,0.7346938775510204,0.3584905660377358,0.66,0.03
53772,0.7346938775510204,0.3584905660377358,0.66,0.03
53774,0.736734693877551,0.36792452830188677,0.662,0.03
53775,0.736734693877551,0.36792452830188677,0.662,0.03
53776,0.736734693877551,0.36792452830188677,0.662,0.03
53776,0.736734693877551,0.36792452830188677,0.662,0.03
53777,0.736734693877551,0.36792452830188677,0.662,0.03
