dog_id,Poodle,Dachshund,Pembroke Welsh Corgi,Border Collie,Great Dane,Australian Shepherd,German Shepherd Dog,Labrador Retriever,Golden Retriever,Unknown
22,0.0,0.0,1.0,0.0,0.0,0.0,0.0,0.0,0.0,0.0
27,0.0,0.0,0.0,0.0,0.0,0.0,0.0,0.0,1.0,0.0
71,0.0,0.0,0.0,0.0,0.0,0.0,0.0,1.0,0.0,0.0
80,1.0,0.0,0.0,0.0,0.0,0.0,0.0,0.0,0.0,0.0
104,0.0,0.0,0.0,0.0,0.0,0.0,0.0,0.0,1.0,0.0
115,0.0,0.0,0.0,0.0,0.0,1.0,0.0,0.0,0.0,0.0
152,0.0,0.0,0.0,0.0,0.0,0.0,0.0,1.0,0.0,0.0
153,0.0,0.0,1.0,0.0,0.0,0.0,0.0,0.0,0.0,0.0
181,0.0,0.0,0.0,0.0,0.0,0.0,0.0,0.0,1.0,0.0
247,0.0,0.0,0.0,0.0,0.0,0.0,0.0,1.0,0.0,0.0
248,0.0,0.0,0.0,0.0,0.0,0.0,0.0,0.0,1.0,0.0
369,1.0,0.0,0.0,0.0,0.0,0.0,0.0,0.0,0.0,0.0
580,0.0,0.0,0.0,0.0,0.0,0.0,0.0,1.0,0.0,0.0
666,0.0,1.0,0.0,0.0,0.0,0.0,0.0,0.0,0.0,0.0
705,0.0,0.0,0.0,0.0,0.0,0.0,0.0,0.0,1.0,0.0
725,1.0,0.0,0.0,0.0,0.0,0.0,0.0,0.0,0.0,0.0
744,0.0,0.0,0.0,0.0,0.0,0.0,1.0,0.0,0.0,0.0
752,0.0,0.0,0.0,0.0,0.0,0.0,0.0,0.0,1.0,0.0
792,0.0,0.0,0.0,0.0,0.0,1.0,0.0,0.0,0.0,0.0
801,0.0,0.0,0.0,0.0,0.0,0.0,0.0,1.0,0.0,0.0
853,0.0,0.0,0.0,0.0,0.0,0.0,0.0,0.0,1.0,0.0
867,0.0,1.0,0.0,0.0,0.0,0.0,0.0,0.0,0.0,0.0
903,0.0,0.0,0.0,0.0,0.0,0.0,1.0,0.0,0.0,0.0
917,0.0,0.0,0.0,0.0,0.0,0.0,0.0,0.0,1.0,0.0
942,1.0,0.0,0.0,0.0,0.0,0.0,0.0,0.0,0.0,0.0
991,0.0,0.0,1.0,0.0,0.0,0.0,0.0,0.0,0.0,0.0
1086,0.0,0.0,0.0,0.0,0.0,0.0,0.0,1.0,0.0,0.0
1238,0.0,0.0,0.0,0.0,0.0,0.0,0.0,0.0,1.0,0.0
1280,0.0,0.0,1.0,0.0,0.0,0.0,0.0,0.0,0.0,0.0
1362,0.0,0.0,0.0,0.0,0.0,0.0,0.0,1.0,0.0,0.0
1419,0.0,0.0,0.0,1.0,0.0,0.0,0.0,0.0,0.0,0.0
1443,0.0,0.0,0.0,0.0,0.0,1.0,0.0,0.0,0.0,0.0
1472,0.0,0.0,0.0,0.0,1.0,0.0,0.0,0.0,0.0,0.0
1486,0.0,0.0,0.0,0.0,0.0,0.0,0.0,1.0,0.0,0.0
1497,0.0,0.0,1.0,0.0,0.0,0.0,0.0,0.0,0.0,0.0
1538,0.0,0.0,0.0,0.0,0.0,0.0,1.0,0.0,0.0,0.0
1654,0.0,0.0,0.0,0.0,0.0,0.0,0.0,1.0,0.0,0.0
1777,0.0,0.0,0.0,0.0,0.0,0.0,0.0,1.0,0.0,0.0
1824,0.0,0.0,0.0,0.0,1.0,0.0,0.0,0.0,0.0,0.0
1852,0.0,0.0,0.0,0.0,0.0,0.0,0.0,0.0,1.0,0.0
2000,0.0,0.0,0.0,0.0,0.0,0.0,0.0,1.0,0.0,0.0
2078,0.0,0.0,0.0,0.0,0.0,0.0,0.0,1.0,0.0,0.0
2349,0.0,0.0,0.0,0.0,0.0,0.0,0.0,1.0,0.0,0.0
2374,0.0,0.0,0.0,0.0,0.0,0.0,0.0,1.0,0.0,0.0
2702,0.0,0.0,0.0,0.0,0.0,0.0,0.0,0.0,1.0,0.0
2753,0.0,0.0,0.0,0.0,0.0,0.0,1.0,0.0,0.0,0.0
2831,0.0,0.0,0.0,0.0,0.0,0.0,0.0,0.0,1.0,0.0
2841,0.0,1.0,0.0,0.0,0.0,0.0,0.0,0.0,0.0,0.0
2903,0.0,0.0,0.0,0.0,0.0,0.0,1.0,0.0,0.0,0.0
2934,0.0,0.0,0.0,1.0,0.0,0.0,0.0,0.0,0.0,0.0
2970,0.0,0.0,0.0,0.0,0.0,0.0,0.0,0.0,1.0,0.0
2998,1.0,0.0,0.0,0.0,0.0,0.0,0.0,0.0,0.0,0.0
3121,0.0,1.0,0.0,0.0,0.0,0.0,0.0,0.0,0.0,0.0
3130,0.0,0.0,0.0,0.0,0.0,0.0,0.0,0.0,1.0,0.0
3148,0.0,0.0,0.0,0.0,0.0,0.0,0.0,0.0,1.0,0.0
3265,0.0,0.0,0.0,0.0,0.0,1.0,0.0,0.0,0.0,0.0
3291,0.0,0.0,0.0,0.0,0.0,0.0,0.0,0.0,1.0,0.0
3298,0.0,0.0,0.0,1.0,0.0,0.0,0.0,0.0,0.0,0.0
3371,0.0,0.0,0.0,1.0,0.0,0.0,0.0,0.0,0.0,0.0
3416,0.0,0.0,0.0,0.0,1.0,0.0,0.0,0.0,0.0,0.0
3500,0.0,1.0,0.0,0.0,0.0,0.0,0.0,0.0,0.0,0.0
3548,0.0,0.0,0.0,1.0,0.0,0.0,0.0,0.0,0.0,0.0
3586,0.0,0.0,0.0,0.0,0.0,0.0,0.0,1.0,0.0,0.0
3609,0.0,0.0,0.0,0.0,0.0,0.0,0.0,0.0,1.0,0.0
3832,0.0,0.0,0.0,0.0,1.0,0.0,0.0,0.0,0.0,0.0
3833,1.0,0.0,0.0,0.0,0.0,0.0,0.0,0.0,0.0,0.0
3895,0.0,0.0,0.0,0.0,0.0,0.0,0.0,0.0,1.0,0.0
4124,0.0,0.0,0.0,0.0,0.0,0.0,1.0,0.0,0.0,0.0
4234,0.0,0.0,0.0,0.0,0.0,0.0,0.0,1.0,0.0,0.0
4271,0.0,0.0,0.0,1.0,0.0,0.0,0.0,0.0,0.0,0.0
4402,0.0,0.0,0.0,0.0,0.0,1.0,0.0,0.0,0.0,0.0
4416,0.0,0.0,0.0,0.0,0.0,0.0,0.0,0.0,1.0,0.0
4495,0.0,0.0,0.0,0.0,0.0,0.0,1.0,0.0,0.0,0.0
4663,0.0,0.0,0.0,0.0,0.0,0.0,0.0,1.0,0.0,0.0
4748,0.0,0.0,0.0,0.0,0.0,0.0,0.0,1.0,0.0,0.0
4818,0.0,0.0,0.0,0.0,0.0,0.0,0.0,0.0,1.0,0.0
4859,0.0,0.0,0.0,0.0,0.0,0.0,0.0,0.0,1.0,0.0
4919,0.0,0.0,0.0,0.0,0.0,0.0,0.0,0.0,1.0,0.0
5060,1.0,0.0,0.0,0.0,0.0,0.0,0.0,0.0,0.0,0.0
5137,0.0,0.0,0.0,0.0,0.0,0.0,0.0,1.0,0.0,0.0
5212,0.0,0.0,0.0,0.0,0.0,1.0,0.0,0.0,0.0,0.0
5265,0.0,0.0,0.0,0.0,0.0,0.0,0.0,1.0,0.0,0.0
5334,0.0,0.0,1.0,0.0,0.0,0.0,0.0,0.0,0.0,0.0
5452,0.0,0.0,0.0,0.0,0.0,0.0,0.0,0.0,1.0,0.0
5496,0.0,0.0,0.0,0.0,0.0,0.0,0.0,1.0,0.0,0.0
5554,0.0,0.0,0.0,0.0,0.0,0.0,0.0,0.0,1.0,0.0
5593,0.0,0.0,0.0,0.0,0.0,0.0,1.0,0.0,0.0,0.0
5594,0.0,0.0,0.0,0.0,0.0,0.0,0.0,1.0,0.0,0.0
5625,0.0,0.0,0.0,0.0,0.0,0.0,0.0,0.0,1.0,0.0
5654,1.0,0.0,0.0,0.0,0.0,0.0,0.0,0.0,0.0,0.0
5702,0.0,0.0,0.0,0.0,0.0,0.0,0.0,0.0,1.0,0.0
5880,0.0,0.0,0.0,0.0,0.0,0.0,1.0,0.0,0.0,0.0
5898,0.0,1.0,0.0,0.0,0.0,0.0,0.0,0.0,0.0,0.0
5947,0.0,0.0,0.0,0.0,0.0,0.0,0.0,0.0,1.0,0.0
5960,0.0,0.0,0.0,0.0,0.0,0.0,0.0,0.0,1.0,0.0
6019,0.0,0.0,0.0,0.0,0.0,0.0,0.0,0.0,1.0,0.0
6039,0.0,0.0,0.0,0.0,0.0,0.0,1.0,0.0,0.0,0.0
6072,0.0,0.0,1.0,0.0,0.0,0.0,0.0,0.0,0.0,0.0
6092,0.0,0.0,0.0,0.0,0.0,0.0,0.0,1.0,0.0,0.0
6209,0.0,0.0,0.0,0.0,0.0,0.0,1.0,0.0,0.0,0.0
6222,0.0,0.0,0.0,0.0,0.0,0.0,0.0,1.0,0.0,0.0
6228,0.0,0.0,0.0,0.0,0.0,1.0,0.0,0.0,0.0,0.0
6229,0.0,0.0,0.0,0.0,0.0,1.0,0.0,0.0,0.0,0.0
6325,0.0,0.0,0.0,0.0,0.0,0.0,1.0,0.0,0.0,0.0
6380,1.0,0.0,0.0,0.0,0.0,0.0,0.0,0.0,0.0,0.0
6418,0.0,0.0,0.0,1.0,0.0,0.0,0.0,0.0,0.0,0.0
6454,1.0,0.0,0.0,0.0,0.0,0.0,0.0,0.0,0.0,0.0
6526,0.0,0.0,0.0,0.0,0.0,0.0,0.0,1.0,0.0,0.0
6546,0.0,0.0,0.0,0.0,0.0,0.0,0.0,0.0,1.0,0.0
6572,0.0,0.0,0.0,0.0,0.0,0.0,0.0,1.0,0.0,0.0
6690,0.0,0.0,0.0,0.0,1.0,0.0,0.0,0.0,0.0,0.0
7107,0.0,0.0,0.0,0.0,0.0,0.0,0.0,1.0,0.0,0.0
7123,0.0,0.0,0.0,0.0,0.0,1.0,0.0,0.0,0.0,0.0
7321,0.0,0.0,0.0,0.0,0.0,0.0,0.0,1.0,0.0,0.0
7348,1.0,0.0,0.0,0.0,0.0,0.0,0.0,0.0,0.0,0.0
7403,0.0,0.0,0.0,0.0,0.0,1.0,0.0,0.0,0.0,0.0
7424,0.0,0.0,0.0,0.0,0.0,0.0,0.0,1.0,0.0,0.0
7451,1.0,0.0,0.0,0.0,0.0,0.0,0.0,0.0,0.0,0.0
7840,0.0,0.0,0.0,0.0,0.0,0.0,0.0,1.0,0.0,0.0
7957,0.0,0.0,0.0,0.0,0.0,0.0,0.0,1.0,0.0,0.0
8004,0.0,0.0,0.0,0.0,0.0,0.0,0.0,0.0,1.0,0.0
8187,0.0,0.0,0.0,1.0,0.0,0.0,0.0,0.0,0.0,0.0
8245,0.0,0.0,0.0,0.0,0.0,0.0,1.0,0.0,0.0,0.0
8403,0.0,0.0,0.0,0.0,0.0,0.0,0.0,0.0,1.0,0.0
8445,0.0,0.0,0.0,0.0,0.0,0.0,0.0,0.0,1.0,0.0
8488,0.0,0.0,0.0,0.0,1.0,0.0,0.0,0.0,0.0,0.0
8754,0.0,0.0,0.0,0.0,0.0,0.0,0.0,0.0,1.0,0.0
8875,0.0,0.0,0.0,0.0,0.0,0.0,0.0,0.0,1.0,0.0
8900,0.0,0.0,0.0,0.0,1.0,0.0,0.0,0.0,0.0,0.0
8907,0.0,0.0,1.0,0.0,0.0,0.0,0.0,0.0,0.0,0.0
8944,0.0,0.0,1.0,0.0,0.0,0.0,0.0,0.0,0.0,0.0
8953,0.0,0.0,0.0,0.0,0.0,0.0,1.0,0.0,0.0,0.0
9007,0.0,0.0,0.0,1.0,0.0,0.0,0.0,0.0,0.0,0.0
9036,0.0,0.0,0.0,0.0,0.0,0.0,1.0,0.0,0.0,0.0
9113,0.0,0.0,0.0,0.0,0.0,0.0,0.0,1.0,0.0,0.0
9141,0.0,0.0,0.0,0.0,0.0,0.0,0.0,1.0,0.0,0.0
9170,0.0,0.0,0.0,0.0,0.0,0.0,0.0,0.0,1.0,0.0
9215,0.0,0.0,0.0,0.0,0.0,0.0,0.0,0.0,1.0,0.0
9234,0.0,0.0,0.0,0.0,0.0,0.0,0.0,1.0,0.0,0.0
9329,1.0,0.0,0.0,0.0,0.0,0.0,0.0,0.0,0.0,0.0
9400,0.0,0.0,0.0,0.0,0.0,0.0,1.0,0.0,0.0,0.0
9417,0.0,0.0,0.0,0.0,0.0,0.0,0.0,0.0,1.0,0.0
9421,0.0,0.0,0.0,0.0,1.0,0.0,0.0,0.0,0.0,0.0
9456,1.0,0.0,0.0,0.0,0.0,0.0,0.0,0.0,0.0,0.0
9458,0.0,0.0,0.0,0.0,0.0,0.0,0.0,1.0,0.0,0.0
9561,0.0,0.0,1.0,0.0,0.0,0.0,0.0,0.0,0.0,0.0
9588,0.0,0.0,0.0,0.0,0.0,0.0,0.0,1.0,0.0,0.0
9594,0.0,0.0,0.0,0.0,0.0,0.0,0.0,1.0,0.0,0.0
9780,0.0,0.0,0.0,0.0,1.0,0.0,0.0,0.0,0.0,0.0
9804,0.0,0.0,0.0,0.0,0.0,0.0,0.0,0.0,1.0,0.0
10008,0.0,0.0,0.0,0.0,0.0,0.0,0.0,1.0,0.0,0.0
10275,0.0,0.0,0.0,0.0,0.0,0.0,0.0,1.0,0.0,0.0
10344,0.0,1.0,0.0,0.0,0.0,0.0,0.0,0.0,0.0,0.0
10460,0.0,0.0,0.0,0.0,0.0,0.0,0.0,0.0,1.0,0.0
10723,0.0,0.0,0.0,0.0,0.0,0.0,1.0,0.0,0.0,0.0
10853,0.0,0.0,0.0,0.0,0.0,0.0,0.0,1.0,0.0,0.0
11023,0.0,0.0,0.0,0.0,0.0,0.0,0.0,1.0,0.0,0.0
11099,0.0,0.0,0.0,0.0,0.0,0.0,0.0,0.0,1.0,0.0
11206,0.0,0.0,0.0,1.0,0.0,0.0,0.0,0.0,0.0,0.0
11402,0.0,0.0,0.0,0.0,0.0,0.0,0.0,1.0,0.0,0.0
11426,0.0,0.0,0.0,0.0,0.0,0.0,0.0,0.0,1.0,0.0
11466,0.0,0.0,0.0,0.0,0.0,0.0,0.0,0.0,1.0,0.0
11503,0.0,0.0,0.0,0.0,0.0,0.0,0.0,0.0,1.0,0.0
11587,0.0,0.0,0.0,0.0,0.0,0.0,1.0,0.0,0.0,0.0
11640,0.0,0.0,0.0,1.0,0.0,0.0,0.0,0.0,0.0,0.0
11656,0.0,0.0,1.0,0.0,0.0,0.0,0.0,0.0,0.0,0.0
11853,0.0,0.0,0.0,1.0,0.0,0.0,0.0,0.0,0.0,0.0
12068,0.0,0.0,0.0,0.0,0.0,0.0,0.0,1.0,0.0,0.0
12082,0.0,0.0,0.0,0.0,0.0,0.0,1.0,0.0,0.0,0.0
12109,0.0,0.0,0.0,1.0,0.0,0.0,0.0,0.0,0.0,0.0
12113,0.0,1.0,0.0,0.0,0.0,0.0,0.0,0.0,0.0,0.0
12176,0.0,0.0,0.0,1.0,0.0,0.0,0.0,0.0,0.0,0.0
12288,0.0,0.0,0.0,0.0,0.0,0.0,0.0,0.0,1.0,0.0
12608,0.0,0.0,0.0,0.0,0.0,0.0,0.0,1.0,0.0,0.0
12687,1.0,0.0,0.0,0.0,0.0,0.0,0.0,0.0,0.0,0.0
12750,0.0,0.0,0.0,0.0,0.0,0.0,0.0,1.0,0.0,0.0
12773,0.0,0.0,0.0,0.0,0.0,0.0,0.0,0.0,1.0,0.0
12775,0.0,0.0,0.0,0.0,0.0,0.0,0.0,1.0,0.0,0.0
12786,0.0,0.0,0.0,0.0,0.0,0.0,0.0,1.0,0.0,0.0
12788,0.0,0.0,0.0,0.0,0.0,0.0,0.0,1.0,0.0,0.0
12888,0.0,0.0,0.0,0.0,0.0,0.0,0.0,1.0,0.0,0.0
12889,0.0,0.0,0.0,0.0,0.0,0.0,0.0,1.0,0.0,0.0
12931,0.0,0.0,0.0,0.0,0.0,1.0,0.0,0.0,0.0,0.0
13037,0.0,0.0,0.0,0.0,0.0,0.0,0.0,0.0,1.0,0.0
13181,0.0,0.0,0.0,0.0,0.0,0.0,0.0,1.0,0.0,0.0
13296,0.0,0.0,0.0,0.0,0.0,0.0,0.0,0.0,1.0,0.0
13309,0.0,0.0,0.0,0.0,0.0,0.0,0.0,1.0,0.0,0.0
13402,0.0,0.0,0.0,0.0,0.0,1.0,0.0,0.0,0.0,0.0
13429,0.0,0.0,0.0,0.0,0.0,0.0,1.0,0.0,0.0,0.0
13573,0.0,0.0,0.0,0.0,0.0,0.0,0.0,1.0,0.0,0.0
13815,0.0,0.0,0.0,0.0,0.0,0.0,0.0,1.0,0.0,0.0
13909,0.0,0.0,0.0,0.0,0.0,0.0,1.0,0.0,0.0,0.0
13978,0.0,0.0,0.0,0.0,0.0,0.0,0.0,1.0,0.0,0.0
14013,0.0,0.0,0.0,0.0,0.0,0.0,0.0,1.0,0.0,0.0
14099,0.0,0.0,0.0,0.0,0.0,0.0,0.0,1.0,0.0,0.0
14139,0.0,0.0,0.0,0.0,0.0,0.0,1.0,0.0,0.0,0.0
14154,0.0,0.0,0.0,0.0,0.0,1.0,0.0,0.0,0.0,0.0
14349,0.0,0.0,0.0,0.0,0.0,0.0,0.0,0.0,1.0,0.0
14358,0.0,0.0,0.0,0.0,0.0,0.0,0.0,1.0,0.0,0.0
14387,0.0,0.0,0.0,0.0,0.0,0.0,0.0,0.0,1.0,0.0
14445,0.0,0.0,0.0,0.0,0.0,0.0,0.0,1.0,0.0,0.0
14506,0.0,0.0,0.0,0.0,0.0,0.0,0.0,1.0,0.0,0.0
14633,0.0,0.0,0.0,0.0,0.0,0.0,0.0,1.0,0.0,0.0
14764,0.0,0.0,0.0,0.0,0.0,0.0,0.0,0.0,1.0,0.0
14870,0.0,0.0,0.0,0.0,0.0,0.0,0.0,1.0,0.0,0.0
14876,0.0,0.0,0.0,0.0,0.0,0.0,0.0,1.0,0.0,0.0
14881,0.0,0.0,1.0,0.0,0.0,0.0,0.0,0.0,0.0,0.0
14989,0.0,1.0,0.0,0.0,0.0,0.0,0.0,0.0,0.0,0.0
15091,0.0,1.0,0.0,0.0,0.0,0.0,0.0,0.0,0.0,0.0
15094,0.0,0.0,0.0,0.0,0.0,0.0,0.0,0.0,1.0,0.0
15110,0.0,0.0,0.0,0.0,0.0,0.0,0.0,1.0,0.0,0.0
15239,0.0,0.0,0.0,0.0,0.0,0.0,0.0,1.0,0.0,0.0
15316,0.0,0.0,0.0,0.0,0.0,0.0,1.0,0.0,0.0,0.0
15322,0.0,0.0,0.0,0.0,0.0,0.0,0.0,0.0,1.0,0.0
15332,0.0,0.0,0.0,0.0,0.0,0.0,1.0,0.0,0.0,0.0
15365,0.0,0.0,0.0,0.0,0.0,0.0,1.0,0.0,0.0,0.0
15411,0.0,0.0,0.0,0.0,0.0,0.0,0.0,1.0,0.0,0.0
15475,0.0,0.0,0.0,1.0,0.0,0.0,0.0,0.0,0.0,0.0
15996,0.0,0.0,0.0,0.0,0.0,0.0,0.0,0.0,1.0,0.0
16026,0.0,0.0,1.0,0.0,0.0,0.0,0.0,0.0,0.0,0.0
16088,0.0,0.0,0.0,0.0,0.0,0.0,1.0,0.0,0.0,0.0
16296,0.0,0.0,0.0,0.0,0.0,0.0,0.0,0.0,1.0,0.0
16497,0.0,0.0,0.0,0.0,0.0,0.0,0.0,1.0,0.0,0.0
16505,0.0,0.0,0.0,0.0,0.0,0.0,0.0,1.0,0.0,0.0
16537,0.0,0.0,0.0,0.0,0.0,0.0,0.0,0.0,1.0,0.0
16590,0.0,0.0,0.0,0.0,0.0,0.0,0.0,0.0,1.0,0.0
16686,0.0,0.0,0.0,0.0,0.0,0.0,0.0,1.0,0.0,0.0
16972,0.0,0.0,0.0,0.0,0.0,0.0,0.0,1.0,0.0,0.0
17065,0.0,1.0,0.0,0.0,0.0,0.0,0.0,0.0,0.0,0.0
17082,0.0,0.0,0.0,0.0,0.0,0.0,0.0,0.0,1.0,0.0
17118,1.0,0.0,0.0,0.0,0.0,0.0,0.0,0.0,0.0,0.0
17151,0.0,0.0,0.0,0.0,1.0,0.0,0.0,0.0,0.0,0.0
17259,0.0,0.0,0.0,0.0,0.0,0.0,0.0,1.0,0.0,0.0
17356,0.0,0.0,0.0,0.0,0.0,1.0,0.0,0.0,0.0,0.0
17365,0.0,0.0,0.0,0.0,0.0,0.0,0.0,1.0,0.0,0.0
17447,0.0,0.0,0.0,0.0,0.0,0.0,0.0,0.0,1.0,0.0
17707,0.0,0.0,0.0,1.0,0.0,0.0,0.0,0.0,0.0,0.0
17814,0.0,0.0,0.0,0.0,1.0,0.0,0.0,0.0,0.0,0.0
17860,0.0,0.0,0.0,0.0,0.0,0.0,0.0,1.0,0.0,0.0
18151,1.0,0.0,0.0,0.0,0.0,0.0,0.0,0.0,0.0,0.0
18244,0.0,0.0,0.0,0.0,0.0,1.0,0.0,0.0,0.0,0.0
18474,0.0,0.0,0.0,0.0,0.0,0.0,0.0,1.0,0.0,0.0
18488,0.0,0.0,0.0,0.0,0.0,1.0,0.0,0.0,0.0,0.0
18521,1.0,0.0,0.0,0.0,0.0,0.0,0.0,0.0,0.0,0.0
18541,0.0,0.0,0.0,0.0,0.0,0.0,0.0,1.0,0.0,0.0
18559,0.0,0.0,0.0,0.0,0.0,0.0,0.0,0.0,1.0,0.0
18647,0.0,0.0,0.0,0.0,0.0,0.0,0.0,1.0,0.0,0.0
18649,0.0,0.0,0.0,0.0,0.0,0.0,0.0,1.0,0.0,0.0
19188,0.0,0.0,0.0,0.0,0.0,0.0,0.0,0.0,1.0,0.0
19246,0.0,0.0,0.0,0.0,0.0,0.0,0.0,1.0,0.0,0.0
19285,0.0,0.0,0.0,0.0,0.0,0.0,0.0,0.0,1.0,0.0
19294,0.0,0.0,0.0,0.0,0.0,0.0,0.0,1.0,0.0,0.0
19369,0.0,0.0,0.0,0.0,0.0,0.0,0.0,1.0,0.0,0.0
19539,0.0,0.0,0.0,0.0,0.0,0.0,0.0,0.0,1.0,0.0
19559,0.0,0.0,0.0,0.0,0.0,0.0,0.0,1.0,0.0,0.0
19570,0.0,0.0,0.0,0.0,0.0,0.0,0.0,1.0,0.0,0.0
19624,0.0,0.0,0.0,0.0,0.0,0.0,1.0,0.0,0.0,0.0
19733,1.0,0.0,0.0,0.0,0.0,0.0,0.0,0.0,0.0,0.0
19938,0.0,0.0,0.0,0.0,0.0,0.0,0.0,0.0,1.0,0.0
19984,0.0,0.0,0.0,0.0,1.0,0.0,0.0,0.0,0.0,0.0
20138,0.0,0.0,0.0,0.0,1.0,0.0,0.0,0.0,0.0,0.0
20180,1.0,0.0,0.0,0.0,0.0,0.0,0.0,0.0,0.0,0.0
20207,0.0,0.0,0.0,0.0,0.0,0.0,1.0,0.0,0.0,0.0
20379,0.0,0.0,0.0,0.0,0.0,0.0,0.0,1.0,0.0,0.0
20436,0.0,0.0,0.0,0.0,0.0,0.0,0.0,1.0,0.0,0.0
20528,0.0,0.0,0.0,0.0,0.0,0.0,0.0,0.0,1.0,0.0
20579,0.0,0.0,0.0,0.0,0.0,1.0,0.0,0.0,0.0,0.0
20645,0.0,0.0,0.0,0.0,0.0,1.0,0.0,0.0,0.0,0.0
20657,0.0,0.0,0.0,0.0,0.0,0.0,0.0,0.0,1.0,0.0
20718,0.0,0.0,0.0,0.0,0.0,0.0,0.0,0.0,1.0,0.0
20736,0.0,0.0,0.0,0.0,0.0,0.0,0.0,0.0,1.0,0.0
20889,0.0,0.0,0.0,0.0,0.0,0.0,0.0,0.0,1.0,0.0
20894,0.0,0.0,0.0,0.0,0.0,0.0,0.0,0.0,1.0,0.0
20967,0.0,0.0,0.0,1.0,0.0,0.0,0.0,0.0,0.0,0.0
21136,0.0,0.0,1.0,0.0,0.0,0.0,0.0,0.0,0.0,0.0
21176,0.0,0.0,0.0,0.0,0.0,0.0,0.0,0.0,1.0,0.0
21247,1.0,0.0,0.0,0.0,0.0,0.0,0.0,0.0,0.0,0.0
21403,0.0,0.0,0.0,0.0,0.0,0.0,0.0,1.0,0.0,0.0
21507,0.0,1.0,0.0,0.0,0.0,0.0,0.0,0.0,0.0,0.0
21621,0.0,0.0,1.0,0.0,0.0,0.0,0.0,0.0,0.0,0.0
21643,0.0,0.0,0.0,0.0,0.0,0.0,1.0,0.0,0.0,0.0
21709,0.0,0.0,0.0,0.0,0.0,0.0,1.0,0.0,0.0,0.0
21808,0.0,0.0,0.0,1.0,0.0,0.0,0.0,0.0,0.0,0.0
21970,0.0,0.0,0.0,1.0,0.0,0.0,0.0,0.0,0.0,0.0
22150,1.0,0.0,0.0,0.0,0.0,0.0,0.0,0.0,0.0,0.0
22285,0.0,0.0,0.0,0.0,0.0,0.0,0.0,0.0,1.0,0.0
22289,0.0,0.0,0.0,0.0,0.0,0.0,0.0,0.0,1.0,0.0
22303,0.0,0.0,0.0,0.0,0.0,0.0,0.0,0.0,1.0,0.0
22423,0.0,0.0,0.0,0.0,0.0,0.0,0.0,0.0,1.0,0.0
22453,0.0,0.0,0.0,0.0,0.0,0.0,0.0,0.0,1.0,0.0
22504,0.0,0.0,0.0,0.0,0.0,0.0,0.0,1.0,0.0,0.0
22579,0.0,0.0,0.0,0.0,0.0,1.0,0.0,0.0,0.0,0.0
22620,0.0,0.0,0.0,0.0,0.0,0.0,0.0,1.0,0.0,0.0
22636,0.0,0.0,0.0,0.0,0.0,0.0,0.0,1.0,0.0,0.0
22647,0.0,0.0,0.0,0.0,0.0,1.0,0.0,0.0,0.0,0.0
22758,0.0,0.0,0.0,0.0,0.0,0.0,1.0,0.0,0.0,0.0
22890,0.0,0.0,0.0,0.0,0.0,0.0,0.0,0.0,1.0,0.0
23147,0.0,0.0,0.0,0.0,0.0,0.0,1.0,0.0,0.0,0.0
23451,0.0,0.0,0.0,0.0,0.0,0.0,0.0,1.0,0.0,0.0
24199,0.0,0.0,0.0,0.0,0.0,0.0,0.0,0.0,1.0,0.0
24202,0.0,0.0,0.0,0.0,0.0,0.0,0.0,1.0,0.0,0.0
24211,0.0,0.0,0.0,0.0,0.0,0.0,0.0,0.0,1.0,0.0
24271,0.0,0.0,0.0,1.0,0.0,0.0,0.0,0.0,0.0,0.0
24286,0.0,0.0,0.0,1.0,0.0,0.0,0.0,0.0,0.0,0.0
24460,0.0,0.0,0.0,0.0,0.0,0.0,0.0,0.0,1.0,0.0
24496,0.0,0.0,0.0,0.0,0.0,0.0,0.0,1.0,0.0,0.0
24544,0.0,0.0,0.0,0.0,0.0,0.0,1.0,0.0,0.0,0.0
24609,0.0,0.0,0.0,0.0,0.0,0.0,1.0,0.0,0.0,0.0
24619,0.0,0.0,0.0,0.0,0.0,0.0,0.0,0.0,1.0,0.0
24644,0.0,0.0,0.0,0.0,0.0,0.0,1.0,0.0,0.0,0.0
24836,1.0,0.0,0.0,0.0,0.0,0.0,0.0,0.0,0.0,0.0
24853,0.0,0.0,0.0,1.0,0.0,0.0,0.0,0.0,0.0,0.0
24889,0.0,0.0,0.0,0.0,0.0,0.0,1.0,0.0,0.0,0.0
24894,0.0,0.0,0.0,0.0,0.0,0.0,0.0,1.0,0.0,0.0
24948,0.0,0.0,0.0,1.0,0.0,0.0,0.0,0.0,0.0,0.0
24970,0.0,0.0,0.0,0.0,0.0,0.0,0.0,0.0,1.0,0.0
25002,0.0,0.0,0.0,0.0,1.0,0.0,0.0,0.0,0.0,0.0
25005,0.0,1.0,0.0,0.0,0.0,0.0,0.0,0.0,0.0,0.0
25074,0.0,0.0,0.0,0.0,0.0,0.0,0.0,1.0,0.0,0.0
25075,0.0,0.0,0.0,0.0,0.0,0.0,0.0,0.0,1.0,0.0
25123,0.0,0.0,0.0,0.0,0.0,0.0,0.0,1.0,0.0,0.0
25188,0.0,0.0,1.0,0.0,0.0,0.0,0.0,0.0,0.0,0.0
25292,0.0,0.0,0.0,1.0,0.0,0.0,0.0,0.0,0.0,0.0
25358,0.0,0.0,0.0,0.0,0.0,1.0,0.0,0.0,0.0,0.0
25556,0.0,0.0,0.0,0.0,0.0,0.0,1.0,0.0,0.0,0.0
25584,0.0,0.0,0.0,0.0,0.0,0.0,1.0,0.0,0.0,0.0
25743,0.0,0.0,0.0,0.0,0.0,0.0,0.0,1.0,0.0,0.0
25744,0.0,0.0,0.0,0.0,0.0,0.0,0.0,0.0,1.0,0.0
25757,0.0,0.0,0.0,0.0,0.0,1.0,0.0,0.0,0.0,0.0
25768,0.0,0.0,0.0,0.0,0.0,0.0,1.0,0.0,0.0,0.0
25773,0.0,0.0,0.0,0.0,0.0,0.0,0.0,0.0,1.0,0.0
25886,0.0,0.0,1.0,0.0,0.0,0.0,0.0,0.0,0.0,0.0
26063,0.0,0.0,0.0,0.0,0.0,0.0,0.0,0.0,1.0,0.0
26240,0.0,0.0,0.0,0.0,0.0,0.0,0.0,1.0,0.0,0.0
26259,0.0,1.0,0.0,0.0,0.0,0.0,0.0,0.0,0.0,0.0
26296,0.0,0.0,0.0,0.0,0.0,0.0,0.0,0.0,1.0,0.0
26387,0.0,0.0,0.0,0.0,0.0,0.0,0.0,1.0,0.0,0.0
26449,1.0,0.0,0.0,0.0,0.0,0.0,0.0,0.0,0.0,0.0
26466,0.0,0.0,0.0,1.0,0.0,0.0,0.0,0.0,0.0,0.0
26501,0.0,0.0,0.0,0.0,0.0,0.0,0.0,1.0,0.0,0.0
26678,0.0,0.0,0.0,1.0,0.0,0.0,0.0,0.0,0.0,0.0
26717,0.0,0.0,0.0,0.0,0.0,0.0,0.0,0.0,1.0,0.0
26831,0.0,0.0,1.0,0.0,0.0,0.0,0.0,0.0,0.0,0.0
27019,0.0,0.0,0.0,0.0,0.0,0.0,0.0,1.0,0.0,0.0
27100,0.0,0.0,0.0,0.0,0.0,0.0,0.0,1.0,0.0,0.0
27104,0.0,0.0,0.0,0.0,0.0,0.0,1.0,0.0,0.0,0.0
27111,0.0,0.0,0.0,1.0,0.0,0.0,0.0,0.0,0.0,0.0
27245,0.0,0.0,0.0,0.0,0.0,0.0,0.0,0.0,1.0,0.0
27331,0.0,0.0,0.0,0.0,0.0,1.0,0.0,0.0,0.0,0.0
27416,0.0,0.0,0.0,0.0,0.0,0.0,0.0,1.0,0.0,0.0
27668,0.0,0.0,0.0,0.0,0.0,0.0,0.0,1.0,0.0,0.0
27769,0.0,1.0,0.0,0.0,0.0,0.0,0.0,0.0,0.0,0.0
27857,0.0,0.0,0.0,0.0,0.0,0.0,0.0,0.0,1.0,0.0
27858,0.0,0.0,1.0,0.0,0.0,0.0,0.0,0.0,0.0,0.0
27926,0.0,1.0,0.0,0.0,0.0,0.0,0.0,0.0,0.0,0.0
28124,0.0,0.0,0.0,0.0,0.0,0.0,0.0,0.0,1.0,0.0
28207,0.0,0.0,0.0,0.0,0.0,0.0,1.0,0.0,0.0,0.0
28226,0.0,0.0,0.0,0.0,0.0,0.0,0.0,1.0,0.0,0.0
28243,0.0,0.0,0.0,0.0,0.0,0.0,0.0,0.0,1.0,0.0
28333,0.0,0.0,0.0,0.0,0.0,0.0,0.0,1.0,0.0,0.0
28547,0.0,0.0,0.0,0.0,0.0,1.0,0.0,0.0,0.0,0.0
28559,1.0,0.0,0.0,0.0,0.0,0.0,0.0,0.0,0.0,0.0
28629,1.0,0.0,0.0,0.0,0.0,0.0,0.0,0.0,0.0,0.0
28696,0.0,0.0,0.0,0.0,0.0,0.0,0.0,1.0,0.0,0.0
28704,0.0,0.0,0.0,0.0,0.0,0.0,1.0,0.0,0.0,0.0
28871,1.0,0.0,0.0,0.0,0.0,0.0,0.0,0.0,0.0,0.0
28891,0.0,1.0,0.0,0.0,0.0,0.0,0.0,0.0,0.0,0.0
28963,1.0,0.0,0.0,0.0,0.0,0.0,0.0,0.0,0.0,0.0
29000,0.0,0.0,0.0,0.0,0.0,0.0,0.0,0.0,1.0,0.0
29045,0.0,0.0,0.0,0.0,0.0,0.0,0.0,1.0,0.0,0.0
29083,0.0,0.0,0.0,1.0,0.0,0.0,0.0,0.0,0.0,0.0
29109,0.0,0.0,0.0,0.0,0.0,0.0,0.0,0.0,1.0,0.0
29159,0.0,0.0,0.0,1.0,0.0,0.0,0.0,0.0,0.0,0.0
29193,0.0,0.0,0.0,0.0,0.0,0.0,0.0,1.0,0.0,0.0
29251,0.0,0.0,1.0,0.0,0.0,0.0,0.0,0.0,0.0,0.0
29253,0.0,0.0,0.0,0.0,0.0,0.0,1.0,0.0,0.0,0.0
29258,0.0,0.0,0.0,1.0,0.0,0.0,0.0,0.0,0.0,0.0
29347,0.0,1.0,0.0,0.0,0.0,0.0,0.0,0.0,0.0,0.0
29353,0.0,0.0,0.0,0.0,0.0,0.0,0.0,1.0,0.0,0.0
29467,0.0,0.0,0.0,0.0,0.0,0.0,0.0,0.0,1.0,0.0
29471,0.0,0.0,0.0,0.0,0.0,0.0,0.0,1.0,0.0,0.0
29556,0.0,0.0,0.0,0.0,0.0,0.0,0.0,0.0,1.0,0.0
29604,0.0,0.0,0.0,0.0,1.0,0.0,0.0,0.0,0.0,0.0
29683,0.0,0.0,1.0,0.0,0.0,0.0,0.0,0.0,0.0,0.0
29699,0.0,0.0,0.0,0.0,0.0,0.0,0.0,1.0,0.0,0.0
29783,0.0,0.0,0.0,0.0,0.0,1.0,0.0,0.0,0.0,0.0
29817,0.0,0.0,1.0,0.0,0.0,0.0,0.0,0.0,0.0,0.0
29878,0.0,0.0,0.0,0.0,0.0,0.0,0.0,0.0,1.0,0.0
29896,0.0,0.0,0.0,0.0,0.0,0.0,0.0,1.0,0.0,0.0
29897,0.0,0.0,0.0,0.0,0.0,0.0,0.0,0.0,1.0,0.0
29925,0.0,0.0,0.0,0.0,0.0,0.0,1.0,0.0,0.0,0.0
29974,0.0,0.0,0.0,0.0,0.0,0.0,0.0,0.0,1.0,0.0
29976,0.0,0.0,0.0,0.0,0.0,0.0,0.0,1.0,0.0,0.0
30339,0.0,0.0,0.0,0.0,0.0,0.0,0.0,1.0,0.0,0.0
30456,0.0,0.0,0.0,0.0,0.0,0.0,0.0,1.0,0.0,0.0
30477,0.0,0.0,0.0,0.0,0.0,0.0,1.0,0.0,0.0,0.0
30532,0.0,0.0,0.0,0.0,0.0,0.0,0.0,1.0,0.0,0.0
30573,0.0,0.0,0.0,0.0,0.0,0.0,0.0,1.0,0.0,0.0
30579,0.0,0.0,0.0,0.0,1.0,0.0,0.0,0.0,0.0,0.0
30624,0.0,0.0,0.0,0.0,0.0,0.0,0.0,0.0,1.0,0.0
30842,0.0,0.0,0.0,0.0,0.0,0.0,0.0,0.0,1.0,0.0
31096,0.0,0.0,0.0,0.0,0.0,0.0,1.0,0.0,0.0,0.0
31108,0.0,0.0,0.0,0.0,0.0,0.0,0.0,1.0,0.0,0.0
31264,0.0,0.0,0.0,0.0,0.0,0.0,0.0,0.0,1.0,0.0
31603,0.0,0.0,0.0,0.0,0.0,0.0,0.0,1.0,0.0,0.0
31617,0.0,0.0,0.0,0.0,0.0,0.0,0.0,1.0,0.0,0.0
31722,0.0,0.0,0.0,0.0,0.0,1.0,0.0,0.0,0.0,0.0
31863,0.0,0.0,0.0,0.0,0.0,0.0,0.0,0.0,1.0,0.0
31913,0.0,0.0,0.0,0.0,0.0,0.0,0.0,1.0,0.0,0.0
32105,0.0,0.0,0.0,0.0,0.0,0.0,0.0,1.0,0.0,0.0
32278,0.0,0.0,0.0,0.0,0.0,0.0,0.0,1.0,0.0,0.0
32456,0.0,0.0,0.0,0.0,0.0,0.0,0.0,1.0,0.0,0.0
32513,0.0,0.0,0.0,0.0,0.0,1.0,0.0,0.0,0.0,0.0
32601,0.0,0.0,0.0,0.0,0.0,0.0,0.0,1.0,0.0,0.0
32622,0.0,0.0,0.0,0.0,0.0,0.0,0.0,0.0,1.0,0.0
32721,0.0,0.0,0.0,0.0,0.0,0.0,0.0,1.0,0.0,0.0
32758,0.0,0.0,0.0,0.0,0.0,0.0,0.0,0.0,1.0,0.0
32802,0.0,0.0,0.0,1.0,0.0,0.0,0.0,0.0,0.0,0.0
33002,0.0,0.0,0.0,0.0,0.0,0.0,0.0,0.0,1.0,0.0
33056,0.0,0.0,0.0,0.0,0.0,0.0,0.0,1.0,0.0,0.0
33062,0.0,0.0,0.0,0.0,0.0,1.0,0.0,0.0,0.0,0.0
33117,0.0,0.0,0.0,0.0,0.0,0.0,0.0,1.0,0.0,0.0
33192,0.0,0.0,0.0,0.0,0.0,1.0,0.0,0.0,0.0,0.0
33232,0.0,0.0,0.0,0.0,1.0,0.0,0.0,0.0,0.0,0.0
33340,0.0,0.0,0.0,0.0,0.0,0.0,0.0,1.0,0.0,0.0
33395,0.0,0.0,0.0,0.0,0.0,0.0,0.0,0.0,1.0,0.0
33419,0.0,0.0,0.0,0.0,0.0,0.0,0.0,1.0,0.0,0.0
33464,0.0,0.0,0.0,1.0,0.0,0.0,0.0,0.0,0.0,0.0
33565,0.0,0.0,0.0,0.0,0.0,0.0,0.0,1.0,0.0,0.0
33620,0.0,0.0,0.0,0.0,1.0,0.0,0.0,0.0,0.0,0.0
33689,0.0,0.0,0.0,0.0,0.0,0.0,0.0,0.0,1.0,0.0
33701,0.0,0.0,1.0,0.0,0.0,0.0,0.0,0.0,0.0,0.0
33858,0.0,0.0,0.0,0.0,0.0,0.0,0.0,1.0,0.0,0.0
34078,0.0,0.0,0.0,0.0,0.0,0.0,1.0,0.0,0.0,0.0
34276,0.0,0.0,0.0,0.0,0.0,0.0,1.0,0.0,0.0,0.0
34396,0.0,0.0,0.0,0.0,0.0,0.0,0.0,0.0,1.0,0.0
34469,0.0,0.0,0.0,0.0,0.0,0.0,1.0,0.0,0.0,0.0
34480,0.0,0.0,0.0,0.0,0.0,0.0,0.0,0.0,1.0,0.0
34544,0.0,0.0,0.0,0.0,0.0,0.0,0.0,1.0,0.0,0.0
34640,0.0,0.0,0.0,0.0,0.0,0.0,1.0,0.0,0.0,0.0
34839,0.0,0.0,0.0,0.0,0.0,0.0,0.0,0.0,1.0,0.0
35047,0.0,0.0,0.0,0.0,0.0,0.0,0.0,1.0,0.0,0.0
35547,0.0,0.0,0.0,0.0,0.0,0.0,0.0,0.0,1.0,0.0
35567,0.0,0.0,0.0,0.0,0.0,0.0,1.0,0.0,0.0,0.0
35620,0.0,0.0,1.0,0.0,0.0,0.0,0.0,0.0,0.0,0.0
35637,0.0,0.0,0.0,0.0,0.0,0.0,0.0,1.0,0.0,0.0
35758,0.0,0.0,0.0,0.0,0.0,1.0,0.0,0.0,0.0,0.0
35774,0.0,0.0,0.0,0.0,0.0,0.0,0.0,1.0,0.0,0.0
35912,0.0,0.0,0.0,0.0,0.0,0.0,0.0,0.0,1.0,0.0
35915,0.0,0.0,0.0,0.0,0.0,1.0,0.0,0.0,0.0,0.0
35954,0.0,0.0,0.0,0.0,0.0,0.0,1.0,0.0,0.0,0.0
36114,0.0,0.0,0.0,0.0,0.0,0.0,0.0,0.0,1.0,0.0
36216,0.0,1.0,0.0,0.0,0.0,0.0,0.0,0.0,0.0,0.0
36352,0.0,0.0,0.0,0.0,0.0,0.0,0.0,0.0,1.0,0.0
36363,0.0,0.0,0.0,0.0,0.0,0.0,0.0,0.0,1.0,0.0
36436,0.0,0.0,0.0,0.0,0.0,0.0,0.0,1.0,0.0,0.0
36459,0.0,0.0,0.0,0.0,0.0,0.0,0.0,1.0,0.0,0.0
36691,0.0,0.0,0.0,0.0,0.0,0.0,0.0,0.0,1.0,0.0
36936,0.0,0.0,0.0,0.0,0.0,0.0,0.0,1.0,0.0,0.0
36944,0.0,0.0,0.0,0.0,0.0,0.0,0.0,1.0,0.0,0.0
36960,0.0,0.0,0.0,0.0,0.0,0.0,0.0,1.0,0.0,0.0
37061,0.0,0.0,0.0,0.0,0.0,0.0,0.0,0.0,1.0,0.0
37127,0.0,0.0,0.0,0.0,1.0,0.0,0.0,0.0,0.0,0.0
37266,0.0,0.0,0.0,0.0,0.0,0.0,0.0,0.0,1.0,0.0
37584,0.0,0.0,0.0,0.0,0.0,0.0,0.0,1.0,0.0,0.0
37625,0.0,0.0,0.0,0.0,0.0,0.0,1.0,0.0,0.0,0.0
37714,0.0,0.0,0.0,0.0,0.0,0.0,0.0,0.0,1.0,0.0
37822,0.0,0.0,0.0,0.0,0.0,0.0,0.0,0.0,1.0,0.0
37880,0.0,0.0,0.0,0.0,0.0,0.0,0.0,0.0,1.0,0.0
38131,0.0,0.0,0.0,0.0,0.0,0.0,1.0,0.0,0.0,0.0
38476,0.0,0.0,0.0,0.0,1.0,0.0,0.0,0.0,0.0,0.0
38548,0.0,0.0,0.0,0.0,0.0,0.0,0.0,0.0,1.0,0.0
38572,0.0,0.0,0.0,0.0,0.0,0.0,1.0,0.0,0.0,0.0
38687,0.0,0.0,0.0,0.0,0.0,0.0,0.0,1.0,0.0,0.0
38915,1.0,0.0,0.0,0.0,0.0,0.0,0.0,0.0,0.0,0.0
39075,0.0,0.0,0.0,0.0,0.0,0.0,0.0,0.0,1.0,0.0
39517,0.0,0.0,0.0,0.0,0.0,0.0,0.0,1.0,0.0,0.0
39763,0.0,0.0,0.0,0.0,0.0,0.0,0.0,0.0,1.0,0.0
39805,1.0,0.0,0.0,0.0,0.0,0.0,0.0,0.0,0.0,0.0
40162,1.0,0.0,0.0,0.0,0.0,0.0,0.0,0.0,0.0,0.0
40176,1.0,0.0,0.0,0.0,0.0,0.0,0.0,0.0,0.0,0.0
40373,0.0,0.0,0.0,0.0,0.0,0.0,0.0,0.0,1.0,0.0
40711,1.0,0.0,0.0,0.0,0.0,0.0,0.0,0.0,0.0,0.0
41049,0.0,0.0,0.0,0.0,0.0,1.0,0.0,0.0,0.0,0.0
41072,0.0,0.0,0.0,0.0,0.0,0.0,0.0,0.0,1.0,0.0
41099,0.0,0.0,0.0,0.0,0.0,0.0,0.0,1.0,0.0,0.0
41171,0.0,0.0,0.0,0.0,0.0,0.0,1.0,0.0,0.0,0.0
41251,0.0,0.0,0.0,0.0,0.0,0.0,1.0,0.0,0.0,0.0
41502,0.0,0.0,0.0,0.0,0.0,0.0,0.0,1.0,0.0,0.0
41583,0.0,0.0,0.0,0.0,0.0,1.0,0.0,0.0,0.0,0.0
41714,0.0,0.0,0.0,0.0,1.0,0.0,0.0,0.0,0.0,0.0
41770,0.0,0.0,0.0,0.0,0.0,0.0,0.0,0.0,1.0,0.0
41774,0.0,0.0,0.0,0.0,0.0,0.0,0.0,0.0,1.0,0.0
41861,0.0,0.0,0.0,0.0,0.0,0.0,0.0,0.0,1.0,0.0
41925,0.0,1.0,0.0,0.0,0.0,0.0,0.0,0.0,0.0,0.0
41930,0.0,0.0,0.0,0.0,0.0,0.0,1.0,0.0,0.0,0.0
42134,0.0,0.0,0.0,0.0,0.0,0.0,0.0,0.0,1.0,0.0
42137,0.0,0.0,1.0,0.0,0.0,0.0,0.0,0.0,0.0,0.0
42158,0.0,1.0,0.0,0.0,0.0,0.0,0.0,0.0,0.0,0.0
42210,0.0,0.0,0.0,0.0,0.0,0.0,0.0,1.0,0.0,0.0
42401,0.0,0.0,0.0,0.0,0.0,1.0,0.0,0.0,0.0,0.0
42823,0.0,0.0,0.0,0.0,0.0,0.0,0.0,0.0,1.0,0.0
42999,0.0,0.0,0.0,0.0,0.0,0.0,0.0,1.0,0.0,0.0
43078,0.0,0.0,0.0,0.0,0.0,0.0,0.0,1.0,0.0,0.0
43107,0.0,0.0,0.0,0.0,0.0,0.0,0.0,0.0,1.0,0.0
43276,0.0,0.0,0.0,0.0,0.0,0.0,0.0,1.0,0.0,0.0
43283,0.0,0.0,0.0,0.0,0.0,0.0,0.0,0.0,1.0,0.0
43432,0.0,0.0,0.0,0.0,0.0,0.0,0.0,0.0,1.0,0.0
43464,0.0,0.0,0.0,0.0,1.0,0.0,0.0,0.0,0.0,0.0
43652,0.0,0.0,0.0,0.0,0.0,0.0,0.0,1.0,0.0,0.0
44176,1.0,0.0,0.0,0.0,0.0,0.0,0.0,0.0,0.0,0.0
44178,0.0,0.0,0.0,0.0,0.0,0.0,0.0,1.0,0.0,0.0
44236,0.0,0.0,0.0,0.0,0.0,0.0,0.0,0.0,1.0,0.0
44350,0.0,0.0,0.0,0.0,0.0,0.0,0.0,1.0,0.0,0.0
44534,0.0,0.0,0.0,0.0,0.0,0.0,0.0,1.0,0.0,0.0
44542,0.0,0.0,0.0,0.0,0.0,0.0,1.0,0.0,0.0,0.0
44664,0.0,0.0,0.0,0.0,0.0,1.0,0.0,0.0,0.0,0.0
44693,0.0,0.0,0.0,0.0,0.0,0.0,0.0,1.0,0.0,0.0
44838,0.0,1.0,0.0,0.0,0.0,0.0,0.0,0.0,0.0,0.0
44865,0.0,0.0,0.0,0.0,0.0,0.0,1.0,0.0,0.0,0.0
44899,0.0,0.0,0.0,0.0,1.0,0.0,0.0,0.0,0.0,0.0
45015,0.0,0.0,0.0,1.0,0.0,0.0,0.0,0.0,0.0,0.0
45078,0.0,0.0,0.0,0.0,0.0,0.0,0.0,0.0,1.0,0.0
45418,0.0,0.0,0.0,0.0,1.0,0.0,0.0,0.0,0.0,0.0
45445,0.0,0.0,0.0,0.0,0.0,0.0,0.0,1.0,0.0,0.0
45454,0.0,1.0,0.0,0.0,0.0,0.0,0.0,0.0,0.0,0.0
45595,0.0,0.0,0.0,0.0,0.0,0.0,0.0,0.0,1.0,0.0
45596,0.0,0.0,0.0,0.0,0.0,0.0,0.0,0.0,1.0,0.0
46045,0.0,0.0,0.0,1.0,0.0,0.0,0.0,0.0,0.0,0.0
46068,0.0,0.0,0.0,0.0,0.0,0.0,0.0,1.0,0.0,0.0
46434,0.0,0.0,0.0,0.0,0.0,0.0,0.0,1.0,0.0,0.0
46451,0.0,0.0,0.0,1.0,0.0,0.0,0.0,0.0,0.0,0.0
46482,0.0,0.0,0.0,0.0,0.0,0.0,1.0,0.0,0.0,0.0
46636,0.0,0.0,0.0,0.0,0.0,0.0,0.0,0.0,1.0,0.0
46647,1.0,0.0,0.0,0.0,0.0,0.0,0.0,0.0,0.0,0.0
46686,0.0,0.0,0.0,0.0,0.0,1.0,0.0,0.0,0.0,0.0
46730,0.0,0.0,1.0,0.0,0.0,0.0,0.0,0.0,0.0,0.0
46785,0.0,0.0,0.0,0.0,0.0,0.0,0.0,0.0,1.0,0.0
46863,0.0,0.0,0.0,0.0,0.0,1.0,0.0,0.0,0.0,0.0
46989,0.0,0.0,0.0,0.0,0.0,0.0,0.0,0.0,1.0,0.0
47019,0.0,0.0,0.0,0.0,0.0,0.0,1.0,0.0,0.0,0.0
47064,0.0,0.0,0.0,0.0,0.0,0.0,0.0,0.0,1.0,0.0
47530,0.0,0.0,0.0,0.0,0.0,0.0,0.0,0.0,1.0,0.0
47568,0.0,0.0,0.0,0.0,0.0,1.0,0.0,0.0,0.0,0.0
47629,1.0,0.0,0.0,0.0,0.0,0.0,0.0,0.0,0.0,0.0
47655,0.0,0.0,0.0,1.0,0.0,0.0,0.0,0.0,0.0,0.0
47678,0.0,0.0,0.0,0.0,0.0,0.0,0.0,1.0,0.0,0.0
47720,0.0,0.0,0.0,0.0,0.0,0.0,0.0,0.0,1.0,0.0
47748,0.0,0.0,0.0,1.0,0.0,0.0,0.0,0.0,0.0,0.0
47900,0.0,0.0,0.0,0.0,0.0,0.0,1.0,0.0,0.0,0.0
47928,0.0,0.0,0.0,0.0,0.0,0.0,0.0,1.0,0.0,0.0
48035,0.0,0.0,0.0,0.0,0.0,1.0,0.0,0.0,0.0,0.0
48065,0.0,0.0,0.0,0.0,0.0,0.0,1.0,0.0,0.0,0.0
48351,0.0,0.0,0.0,0.0,0.0,0.0,0.0,0.0,1.0,0.0
48389,0.0,0.0,0.0,0.0,0.0,1.0,0.0,0.0,0.0,0.0
48425,0.0,0.0,0.0,0.0,0.0,0.0,0.0,0.0,1.0,0.0
48431,0.0,1.0,0.0,0.0,0.0,0.0,0.0,0.0,0.0,0.0
48438,0.0,0.0,0.0,0.0,0.0,0.0,0.0,0.0,1.0,0.0
48533,0.0,0.0,0.0,0.0,0.0,0.0,0.0,1.0,0.0,0.0
48637,1.0,0.0,0.0,0.0,0.0,0.0,0.0,0.0,0.0,0.0
48702,0.0,0.0,0.0,0.0,0.0,0.0,0.0,1.0,0.0,0.0
48706,0.0,0.0,0.0,0.0,0.0,0.0,1.0,0.0,0.0,0.0
48713,0.0,0.0,0.0,0.0,0.0,0.0,0.0,1.0,0.0,0.0
48741,0.0,0.0,0.0,0.0,0.0,0.0,0.0,1.0,0.0,0.0
48945,0.0,0.0,0.0,0.0,0.0,0.0,0.0,0.0,1.0,0.0
49204,0.0,0.0,0.0,0.0,0.0,0.0,0.0,1.0,0.0,0.0
49232,0.0,1.0,0.0,0.0,0.0,0.0,0.0,0.0,0.0,0.0
49524,0.0,0.0,0.0,0.0,0.0,0.0,0.0,1.0,0.0,0.0
49543,0.0,0.0,0.0,0.0,0.0,0.0,1.0,0.0,0.0,0.0
49552,0.0,0.0,0.0,0.0,0.0,0.0,0.0,0.0,1.0,0.0
49576,0.0,0.0,0.0,0.0,0.0,0.0,0.0,1.0,0.0,0.0
49616,0.0,0.0,0.0,0.0,0.0,0.0,0.0,0.0,1.0,0.0
49838,0.0,0.0,0.0,0.0,0.0,0.0,0.0,1.0,0.0,0.0
49882,0.0,0.0,0.0,0.0,0.0,0.0,0.0,0.0,1.0,0.0
49949,0.0,0.0,0.0,0.0,0.0,0.0,0.0,1.0,0.0,0.0
50086,0.0,0.0,0.0,0.0,0.0,0.0,0.0,0.0,1.0,0.0
50118,0.0,0.0,0.0,0.0,0.0,0.0,0.0,0.0,1.0,0.0
50188,1.0,0.0,0.0,0.0,0.0,0.0,0.0,0.0,0.0,0.0
50239,0.0,0.0,1.0,0.0,0.0,0.0,0.0,0.0,0.0,0.0
50344,0.0,1.0,0.0,0.0,0.0,0.0,0.0,0.0,0.0,0.0
50404,0.0,0.0,0.0,0.0,0.0,0.0,0.0,0.0,1.0,0.0
50459,0.0,0.0,0.0,0.0,0.0,1.0,0.0,0.0,0.0,0.0
50514,0.0,0.0,0.0,0.0,0.0,0.0,0.0,0.0,1.0,0.0
50538,0.0,0.0,0.0,0.0,0.0,0.0,0.0,1.0,0.0,0.0
50582,0.0,0.0,0.0,0.0,0.0,0.0,0.0,0.0,1.0,0.0
50610,0.0,0.0,0.0,1.0,0.0,0.0,0.0,0.0,0.0,0.0
50673,0.0,0.0,0.0,0.0,0.0,0.0,0.0,1.0,0.0,0.0
50916,0.0,0.0,0.0,0.0,0.0,0.0,0.0,0.0,1.0,0.0
51147,0.0,0.0,0.0,0.0,0.0,1.0,0.0,0.0,0.0,0.0
51155,0.0,0.0,0.0,0.0,0.0,0.0,0.0,1.0,0.0,0.0
51302,0.0,0.0,0.0,0.0,0.0,0.0,1.0,0.0,0.0,0.0
51321,0.0,0.0,0.0,0.0,1.0,0.0,0.0,0.0,0.0,0.0
51374,0.0,0.0,0.0,0.0,0.0,0.0,1.0,0.0,0.0,0.0
51436,0.0,0.0,0.0,0.0,1.0,0.0,0.0,0.0,0.0,0.0
51511,0.0,0.0,0.0,0.0,0.0,1.0,0.0,0.0,0.0,0.0
51513,0.0,0.0,0.0,1.0,0.0,0.0,0.0,0.0,0.0,0.0
51633,0.0,0.0,0.0,0.0,0.0,1.0,0.0,0.0,0.0,0.0
51675,0.0,0.0,0.0,0.0,0.0,0.0,0.0,0.0,1.0,0.0
51810,0.0,0.0,0.0,0.0,0.0,0.0,1.0,0.0,0.0,0.0
52055,1.0,0.0,0.0,0.0,0.0,0.0,0.0,0.0,0.0,0.0
52087,0.0,0.0,0.0,0.0,0.0,0.0,1.0,0.0,0.0,0.0
52113,1.0,0.0,0.0,0.0,0.0,0.0,0.0,0.0,0.0,0.0
52155,0.0,0.0,0.0,0.0,0.0,0.0,0.0,1.0,0.0,0.0
52202,0.0,0.0,0.0,0.0,0.0,0.0,0.0,0.0,1.0,0.0
52266,0.0,0.0,0.0,0.0,0.0,0.0,0.0,0.0,1.0,0.0
52268,0.0,0.0,0.0,0.0,0.0,1.0,0.0,0.0,0.0,0.0
52476,0.0,0.0,0.0,0.0,0.0,1.0,0.0,0.0,0.0,0.0
52643,0.0,0.0,0.0,0.0,0.0,0.0,1.0,0.0,0.0,0.0
52721,0.0,0.0,0.0,0.0,0.0,1.0,0.0,0.0,0.0,0.0
52908,0.0,0.0,0.0,0.0,0.0,0.0,0.0,0.0,1.0,0.0
52911,0.0,0.0,0.0,0.0,0.0,1.0,0.0,0.0,0.0,0.0
52942,0.0,0.0,0.0,0.0,0.0,0.0,0.0,1.0,0.0,0.0
53000,0.0,0.0,0.0,0.0,0.0,0.0,0.0,0.0,1.0,0.0
53007,0.0,0.0,0.0,0.0,0.0,0.0,0.0,1.0,0.0,0.0
53251,0.0,0.0,0.0,0.0,0.0,0.0,0.0,1.0,0.0,0.0
53278,1.0,0.0,0.0,0.0,0.0,0.0,0.0,0.0,0.0,0.0
53415,0.0,0.0,0.0,0.0,0.0,0.0,0.0,0.0,1.0,0.0
53590,0.0,0.0,0.0,1.0,0.0,0.0,0.0,0.0,0.0,0.0
53657,0.0,0.0,0.0,0.0,0.0,1.0,0.0,0.0,0.0,0.0
53780,0.0,0.0,0.0,0.0,0.0,0.0,1.0,0.0,0.0,0.0
53905,0.0,0.0,0.0,0.0,0.0,0.0,0.0,1.0,0.0,0.0
53947,0.0,0.0,0.0,0.0,0.0,0.0,0.0,0.0,1.0,0.0
54216,0.0,0.0,0.0,0.0,0.0,0.0,1.0,0.0,0.0,0.0
54310,0.0,0.0,0.0,0.0,0.0,0.0,0.0,1.0,0.0,0.0
54573,0.0,0.0,0.0,0.0,0.0,0.0,0.0,0.0,1.0,0.0
54589,0.0,0.0,1.0,0.0,0.0,0.0,0.0,0.0,0.0,0.0
54876,0.0,0.0,0.0,0.0,0.0,0.0,1.0,0.0,0.0,0.0
54881,0.0,0.0,0.0,0.0,0.0,0.0,0.0,0.0,1.0,0.0
55103,0.0,0.0,0.0,0.0,0.0,0.0,1.0,0.0,0.0,0.0
55115,0.0,0.0,0.0,0.0,0.0,0.0,1.0,0.0,0.0,0.0
55272,0.0,1.0,0.0,0.0,0.0,0.0,0.0,0.0,0.0,0.0
55279,1.0,0.0,0.0,0.0,0.0,0.0,0.0,0.0,0.0,0.0
55336,0.0,0.0,0.0,0.0,0.0,0.0,0.0,0.0,1.0,0.0
55415,0.0,0.0,0.0,0.0,0.0,0.0,1.0,0.0,0.0,0.0
55468,0.0,0.0,0.0,0.0,0.0,0.0,0.0,0.0,1.0,0.0
55484,0.0,0.0,0.0,0.0,0.0,0.0,0.0,0.0,1.0,0.0
55501,0.0,0.0,0.0,0.0,1.0,0.0,0.0,0.0,0.0,0.0
55580,0.0,1.0,0.0,0.0,0.0,0.0,0.0,0.0,0.0,0.0
55585,1.0,0.0,0.0,0.0,0.0,0.0,0.0,0.0,0.0,0.0
55691,0.0,0.0,0.0,0.0,0.0,0.0,1.0,0.0,0.0,0.0
55864,0.0,0.0,0.0,0.0,0.0,0.0,0.0,1.0,0.0,0.0
55898,0.0,0.0,0.0,0.0,0.0,0.0,0.0,0.0,1.0,0.0
56044,0.0,0.0,0.0,0.0,0.0,0.0,0.0,0.0,1.0,0.0
56052,0.0,0.0,1.0,0.0,0.0,0.0,0.0,0.0,0.0,0.0
56183,0.0,0.0,1.0,0.0,0.0,0.0,0.0,0.0,0.0,0.0
56241,0.0,0.0,0.0,0.0,0.0,0.0,0.0,1.0,0.0,0.0
56274,0.0,0.0,0.0,0.0,0.0,0.0,0.0,1.0,0.0,0.0
56458,0.0,0.0,0.0,0.0,0.0,0.0,0.0,1.0,0.0,0.0
56567,0.0,0.0,1.0,0.0,0.0,0.0,0.0,0.0,0.0,0.0
56654,0.0,0.0,0.0,0.0,0.0,0.0,0.0,0.0,1.0,0.0
56759,0.0,0.0,0.0,0.0,0.0,0.0,0.0,1.0,0.0,0.0
56799,0.0,0.0,0.0,0.0,0.0,0.0,0.0,0.0,1.0,0.0
56825,0.0,0.0,0.0,1.0,0.0,0.0,0.0,0.0,0.0,0.0
56906,0.0,0.0,0.0,0.0,0.0,0.0,0.0,1.0,0.0,0.0
56923,0.0,0.0,0.0,0.0,0.0,1.0,0.0,0.0,0.0,0.0
56983,1.0,0.0,0.0,0.0,0.0,0.0,0.0,0.0,0.0,0.0
56996,0.0,0.0,0.0,0.0,0.0,0.0,0.0,0.0,1.0,0.0
57351,1.0,0.0,0.0,0.0,0.0,0.0,0.0,0.0,0.0,0.0
57372,0.0,0.0,0.0,0.0,0.0,0.0,1.0,0.0,0.0,0.0
57403,0.0,0.0,0.0,1.0,0.0,0.0,0.0,0.0,0.0,0.0
57602,0.0,0.0,0.0,0.0,0.0,1.0,0.0,0.0,0.0,0.0
57621,0.0,0.0,0.0,0.0,0.0,0.0,0.0,0.0,1.0,0.0
57641,1.0,0.0,0.0,0.0,0.0,0.0,0.0,0.0,0.0,0.0
57839,0.0,0.0,0.0,0.0,0.0,0.0,0.0,1.0,0.0,0.0
57927,0.0,0.0,0.0,0.0,0.0,0.0,0.0,0.0,1.0,0.0
57951,0.0,0.0,0.0,0.0,0.0,1.0,0.0,0.0,0.0,0.0
58089,0.0,0.0,0.0,0.0,0.0,0.0,1.0,0.0,0.0,0.0
58334,0.0,0.0,0.0,0.0,0.0,0.0,0.0,0.0,1.0,0.0
58411,0.0,0.0,0.0,0.0,1.0,0.0,0.0,0.0,0.0,0.0
58416,0.0,0.0,0.0,0.0,0.0,1.0,0.0,0.0,0.0,0.0
58654,0.0,0.0,0.0,0.0,0.0,0.0,0.0,1.0,0.0,0.0
58831,0.0,0.0,0.0,0.0,0.0,0.0,0.0,0.0,1.0,0.0
58925,0.0,0.0,0.0,0.0,0.0,0.0,0.0,0.0,1.0,0.0
58926,0.0,0.0,1.0,0.0,0.0,0.0,0.0,0.0,0.0,0.0
58988,0.0,0.0,0.0,1.0,0.0,0.0,0.0,0.0,0.0,0.0
59028,0.0,0.0,0.0,0.0,0.0,1.0,0.0,0.0,0.0,0.0
59046,0.0,0.0,0.0,0.0,0.0,0.0,1.0,0.0,0.0,0.0
59125,0.0,0.0,0.0,0.0,0.0,0.0,0.0,0.0,1.0,0.0
59215,0.0,1.0,0.0,0.0,0.0,0.0,0.0,0.0,0.0,0.0
59537,0.0,0.0,0.0,0.0,0.0,0.0,1.0,0.0,0.0,0.0
59566,0.0,0.0,0.0,0.0,0.0,0.0,0.0,1.0,0.0,0.0
59648,0.0,0.0,0.0,0.0,0.0,0.0,0.0,1.0,0.0,0.0
59769,0.0,0.0,0.0,0.0,0.0,0.0,0.0,1.0,0.0,0.0
59794,0.0,0.0,0.0,0.0,0.0,0.0,1.0,0.0,0.0,0.0
59796,0.0,1.0,0.0,0.0,0.0,0.0,0.0,0.0,0.0,0.0
59938,1.0,0.0,0.0,0.0,0.0,0.0,0.0,0.0,0.0,0.0
59967,0.0,0.0,1.0,0.0,0.0,0.0,0.0,0.0,0.0,0.0
60128,0.0,0.0,0.0,1.0,0.0,0.0,0.0,0.0,0.0,0.0
60156,0.0,0.0,0.0,0.0,0.0,0.0,0.0,1.0,0.0,0.0
60284,0.0,0.0,0.0,1.0,0.0,0.0,0.0,0.0,0.0,0.0
60380,0.0,0.0,0.0,0.0,0.0,0.0,0.0,0.0,1.0,0.0
60391,0.0,0.0,0.0,0.0,0.0,1.0,0.0,0.0,0.0,0.0
60478,0.0,0.0,0.0,0.0,0.0,1.0,0.0,0.0,0.0,0.0
60556,0.0,0.0,0.0,0.0,0.0,0.0,0.0,1.0,0.0,0.0
60594,0.0,0.0,0.0,0.0,0.0,1.0,0.0,0.0,0.0,0.0
60636,0.0,0.0,1.0,0.0,0.0,0.0,0.0,0.0,0.0,0.0
60791,0.0,0.0,0.0,0.0,0.0,1.0,0.0,0.0,0.0,0.0
60892,0.0,0.0,0.0,0.0,0.0,0.0,0.0,1.0,0.0,0.0
61004,0.0,0.0,0.0,0.0,0.0,0.0,0.0,0.0,1.0,0.0
61166,0.0,0.0,0.0,0.0,0.0,0.0,0.0,1.0,0.0,0.0
61171,0.0,0.0,0.0,0.0,0.0,0.0,0.0,1.0,0.0,0.0
61360,0.0,0.0,0.0,0.0,0.0,0.0,0.0,1.0,0.0,0.0
61429,0.0,0.0,0.0,1.0,0.0,0.0,0.0,0.0,0.0,0.0
61450,0.0,0.0,0.0,0.0,0.0,0.0,0.0,1.0,0.0,0.0
61587,0.0,0.0,0.0,0.0,0.0,0.0,0.0,1.0,0.0,0.0
61643,0.0,0.0,0.0,0.0,0.0,0.0,1.0,0.0,0.0,0.0
61709,0.0,0.0,0.0,0.0,0.0,0.0,0.0,0.0,1.0,0.0
61945,0.0,0.0,0.0,0.0,0.0,1.0,0.0,0.0,0.0,0.0
62116,0.0,0.0,0.0,0.0,0.0,0.0,0.0,1.0,0.0,0.0
62202,0.0,0.0,0.0,0.0,0.0,0.0,1.0,0.0,0.0,0.0
62222,0.0,0.0,0.0,0.0,0.0,0.0,0.0,1.0,0.0,0.0
62417,0.0,0.0,0.0,1.0,0.0,0.0,0.0,0.0,0.0,0.0
62437,0.0,0.0,0.0,0.0,0.0,0.0,0.0,0.0,1.0,0.0
62476,0.0,0.0,0.0,0.0,0.0,0.0,0.0,0.0,1.0,0.0
62659,0.0,0.0,0.0,0.0,0.0,0.0,0.0,1.0,0.0,0.0
62833,0.0,0.0,0.0,0.0,0.0,0.0,0.0,0.0,1.0,0.0
62841,0.0,0.0,0.0,0.0,0.0,0.0,0.0,1.0,0.0,0.0
62858,0.0,0.0,0.0,0.0,0.0,1.0,0.0,0.0,0.0,0.0
62920,0.0,0.0,0.0,0.0,0.0,0.0,0.0,1.0,0.0,0.0
62964,0.0,0.0,0.0,0.0,0.0,0.0,0.0,1.0,0.0,0.0
63040,1.0,0.0,0.0,0.0,0.0,0.0,0.0,0.0,0.0,0.0
63050,1.0,0.0,0.0,0.0,0.0,0.0,0.0,0.0,0.0,0.0
63279,0.0,0.0,0.0,0.0,0.0,0.0,0.0,0.0,1.0,0.0
63300,0.0,0.0,0.0,0.0,1.0,0.0,0.0,0.0,0.0,0.0
63614,0.0,0.0,0.0,0.0,0.0,0.0,1.0,0.0,0.0,0.0
63626,0.0,0.0,0.0,0.0,0.0,0.0,0.0,0.0,1.0,0.0
63676,0.0,0.0,0.0,0.0,0.0,0.0,0.0,1.0,0.0,0.0
63747,0.0,1.0,0.0,0.0,0.0,0.0,0.0,0.0,0.0,0.0
63761,0.0,0.0,0.0,0.0,0.0,0.0,1.0,0.0,0.0,0.0
63762,0.0,0.0,0.0,0.0,0.0,0.0,0.0,1.0,0.0,0.0
63765,0.0,0.0,0.0,0.0,1.0,0.0,0.0,0.0,0.0,0.0
63838,0.0,0.0,0.0,0.0,0.0,0.0,0.0,0.0,1.0,0.0
63873,0.0,1.0,0.0,0.0,0.0,0.0,0.0,0.0,0.0,0.0
63880,0.0,0.0,0.0,0.0,0.0,0.0,0.0,1.0,0.0,0.0
63972,0.0,0.0,0.0,0.0,0.0,1.0,0.0,0.0,0.0,0.0
64078,0.0,0.0,0.0,0.0,0.0,0.0,0.0,0.0,1.0,0.0
64139,1.0,0.0,0.0,0.0,0.0,0.0,0.0,0.0,0.0,0.0
64341,1.0,0.0,0.0,0.0,0.0,0.0,0.0,0.0,0.0,0.0
64448,0.0,1.0,0.0,0.0,0.0,0.0,0.0,0.0,0.0,0.0
64788,0.0,0.0,0.0,0.0,0.0,0.0,0.0,1.0,0.0,0.0
64974,0.0,0.0,0.0,0.0,0.0,0.0,0.0,0.0,1.0,0.0
65102,0.0,0.0,0.0,0.0,0.0,0.0,0.0,1.0,0.0,0.0
65175,0.0,0.0,1.0,0.0,0.0,0.0,0.0,0.0,0.0,0.0
65209,0.0,0.0,0.0,0.0,0.0,0.0,0.0,1.0,0.0,0.0
65286,0.0,0.0,0.0,0.0,0.0,0.0,0.0,0.0,1.0,0.0
65385,1.0,0.0,0.0,0.0,0.0,0.0,0.0,0.0,0.0,0.0
65399,0.0,0.0,1.0,0.0,0.0,0.0,0.0,0.0,0.0,0.0
65488,0.0,0.0,0.0,0.0,0.0,0.0,0.0,0.0,1.0,0.0
65502,0.0,0.0,0.0,0.0,0.0,0.0,1.0,0.0,0.0,0.0
65521,0.0,0.0,0.0,0.0,0.0,0.0,0.0,0.0,1.0,0.0
65566,0.0,0.0,0.0,0.0,0.0,0.0,0.0,1.0,0.0,0.0
65576,0.0,1.0,0.0,0.0,0.0,0.0,0.0,0.0,0.0,0.0
65591,0.0,0.0,0.0,0.0,0.0,0.0,0.0,1.0,0.0,0.0
65599,0.0,0.0,0.0,0.0,0.0,0.0,1.0,0.0,0.0,0.0
65612,0.0,0.0,0.0,1.0,0.0,0.0,0.0,0.0,0.0,0.0
65663,0.0,0.0,0.0,0.0,0.0,0.0,0.0,0.0,1.0,0.0
65762,0.0,0.0,0.0,0.0,1.0,0.0,0.0,0.0,0.0,0.0
65831,1.0,0.0,0.0,0.0,0.0,0.0,0.0,0.0,0.0,0.0
65963,0.0,0.0,0.0,0.0,0.0,0.0,0.0,1.0,0.0,0.0
66092,0.0,0.0,0.0,0.0,0.0,0.0,0.0,0.0,1.0,0.0
66221,0.0,0.0,0.0,0.0,0.0,0.0,0.0,1.0,0.0,0.0
66276,0.0,0.0,1.0,0.0,0.0,0.0,0.0,0.0,0.0,0.0
66307,0.0,0.0,0.0,0.0,0.0,0.0,0.0,1.0,0.0,0.0
66358,0.0,0.0,1.0,0.0,0.0,0.0,0.0,0.0,0.0,0.0
66618,0.0,0.0,0.0,0.0,0.0,0.0,0.0,0.0,1.0,0.0
66972,0.0,0.0,0.0,0.0,0.0,0.0,0.0,1.0,0.0,0.0
67089,0.0,0.0,1.0,0.0,0.0,0.0,0.0,0.0,0.0,0.0
67271,0.0,0.0,0.0,0.0,0.0,0.0,0.0,1.0,0.0,0.0
67388,0.0,0.0,0.0,0.0,0.0,1.0,0.0,0.0,0.0,0.0
67420,0.0,0.0,0.0,0.0,0.0,0.0,0.0,0.0,1.0,0.0
67450,0.0,0.0,0.0,0.0,0.0,0.0,0.0,0.0,1.0,0.0
67461,0.0,0.0,0.0,0.0,0.0,0.0,0.0,0.0,1.0,0.0
67480,1.0,0.0,0.0,0.0,0.0,0.0,0.0,0.0,0.0,0.0
67805,0.0,0.0,0.0,0.0,0.0,0.0,0.0,0.0,1.0,0.0
67820,0.0,0.0,0.0,0.0,0.0,0.0,0.0,1.0,0.0,0.0
67929,0.0,0.0,0.0,0.0,0.0,0.0,0.0,1.0,0.0,0.0
67964,1.0,0.0,0.0,0.0,0.0,0.0,0.0,0.0,0.0,0.0
67976,0.0,0.0,0.0,0.0,0.0,0.0,0.0,0.0,1.0,0.0
68184,0.0,0.0,1.0,0.0,0.0,0.0,0.0,0.0,0.0,0.0
68252,0.0,0.0,0.0,0.0,0.0,0.0,1.0,0.0,0.0,0.0
68269,0.0,0.0,0.0,0.0,0.0,0.0,0.0,0.0,1.0,0.0
68357,0.0,0.0,0.0,0.0,0.0,0.0,0.0,1.0,0.0,0.0
68590,0.0,0.0,0.0,0.0,0.0,0.0,0.0,1.0,0.0,0.0
68837,0.0,0.0,0.0,0.0,0.0,0.0,0.0,0.0,1.0,0.0
68903,0.0,0.0,0.0,0.0,0.0,0.0,0.0,1.0,0.0,0.0
68973,0.0,0.0,0.0,0.0,0.0,0.0,0.0,1.0,0.0,0.0
69231,0.0,0.0,0.0,0.0,0.0,0.0,0.0,1.0,0.0,0.0
69292,0.0,0.0,0.0,0.0,0.0,0.0,0.0,1.0,0.0,0.0
69370,0.0,0.0,0.0,0.0,0.0,0.0,0.0,1.0,0.0,0.0
69394,0.0,0.0,0.0,0.0,0.0,0.0,0.0,0.0,1.0,0.0
69404,0.0,0.0,0.0,0.0,0.0,1.0,0.0,0.0,0.0,0.0
69425,1.0,0.0,0.0,0.0,0.0,0.0,0.0,0.0,0.0,0.0
69442,0.0,0.0,0.0,0.0,0.0,1.0,0.0,0.0,0.0,0.0
69481,0.0,0.0,0.0,0.0,0.0,1.0,0.0,0.0,0.0,0.0
69508,0.0,0.0,0.0,0.0,0.0,0.0,1.0,0.0,0.0,0.0
69637,0.0,0.0,0.0,0.0,0.0,0.0,0.0,1.0,0.0,0.0
69896,0.0,0.0,0.0,0.0,0.0,0.0,0.0,1.0,0.0,0.0
69970,1.0,0.0,0.0,0.0,0.0,0.0,0.0,0.0,0.0,0.0
70141,0.0,0.0,0.0,0.0,0.0,0.0,0.0,1.0,0.0,0.0
70297,1.0,0.0,0.0,0.0,0.0,0.0,0.0,0.0,0.0,0.0
70331,0.0,0.0,0.0,0.0,0.0,0.0,1.0,0.0,0.0,0.0
70490,0.0,0.0,0.0,0.0,0.0,0.0,0.0,1.0,0.0,0.0
70694,0.0,0.0,0.0,0.0,0.0,1.0,0.0,0.0,0.0,0.0
70933,0.0,0.0,0.0,1.0,0.0,0.0,0.0,0.0,0.0,0.0
70973,0.0,0.0,0.0,0.0,0.0,0.0,0.0,0.0,1.0,0.0
70986,0.0,0.0,0.0,0.0,0.0,1.0,0.0,0.0,0.0,0.0
71013,0.0,0.0,0.0,0.0,0.0,0.0,0.0,1.0,0.0,0.0
71097,0.0,1.0,0.0,0.0,0.0,0.0,0.0,0.0,0.0,0.0
71137,0.0,0.0,0.0,0.0,0.0,0.0,0.0,0.0,1.0,0.0
71327,0.0,0.0,0.0,0.0,0.0,0.0,0.0,1.0,0.0,0.0
71433,0.0,0.0,0.0,0.0,0.0,0.0,1.0,0.0,0.0,0.0
71497,0.0,0.0,0.0,0.0,0.0,0.0,0.0,0.0,1.0,0.0
71572,0.0,1.0,0.0,0.0,0.0,0.0,0.0,0.0,0.0,0.0
71594,0.0,0.0,0.0,0.0,0.0,0.0,0.0,1.0,0.0,0.0
71777,0.0,0.0,0.0,0.0,0.0,0.0,0.0,1.0,0.0,0.0
72001,0.0,0.0,0.0,0.0,0.0,0.0,1.0,0.0,0.0,0.0
72170,0.0,0.0,0.0,0.0,0.0,0.0,0.0,0.0,1.0,0.0
72269,0.0,0.0,0.0,0.0,0.0,0.0,1.0,0.0,0.0,0.0
72292,0.0,0.0,0.0,0.0,0.0,0.0,0.0,1.0,0.0,0.0
72365,0.0,0.0,0.0,0.0,0.0,0.0,0.0,1.0,0.0,0.0
72442,0.0,0.0,0.0,0.0,0.0,0.0,0.0,0.0,1.0,0.0
72531,0.0,0.0,0.0,0.0,0.0,1.0,0.0,0.0,0.0,0.0
72670,0.0,0.0,0.0,0.0,0.0,0.0,0.0,1.0,0.0,0.0
72826,0.0,0.0,0.0,0.0,0.0,0.0,0.0,0.0,1.0,0.0
73045,0.0,0.0,0.0,0.0,0.0,0.0,0.0,0.0,1.0,0.0
73628,0.0,0.0,0.0,0.0,0.0,0.0,1.0,0.0,0.0,0.0
73662,0.0,0.0,0.0,0.0,0.0,0.0,0.0,1.0,0.0,0.0
73757,0.0,0.0,0.0,0.0,0.0,0.0,0.0,0.0,1.0,0.0
73761,0.0,0.0,0.0,0.0,0.0,0.0,1.0,0.0,0.0,0.0
73828,0.0,1.0,0.0,0.0,0.0,0.0,0.0,0.0,0.0,0.0
73860,0.0,0.0,0.0,0.0,0.0,0.0,1.0,0.0,0.0,0.0
73877,0.0,0.0,0.0,0.0,1.0,0.0,0.0,0.0,0.0,0.0
73913,0.0,0.0,0.0,0.0,0.0,1.0,0.0,0.0,0.0,0.0
74049,0.0,0.0,0.0,0.0,0.0,0.0,0.0,1.0,0.0,0.0
74216,0.0,1.0,0.0,0.0,0.0,0.0,0.0,0.0,0.0,0.0
74450,0.0,0.0,0.0,0.0,0.0,0.0,1.0,0.0,0.0,0.0
74508,0.0,0.0,0.0,0.0,0.0,1.0,0.0,0.0,0.0,0.0
74596,0.0,0.0,0.0,0.0,0.0,0.0,0.0,0.0,1.0,0.0
74929,1.0,0.0,0.0,0.0,0.0,0.0,0.0,0.0,0.0,0.0
74987,0.0,0.0,0.0,0.0,0.0,0.0,0.0,0.0,1.0,0.0
75037,0.0,0.0,0.0,0.0,0.0,0.0,0.0,1.0,0.0,0.0
75120,1.0,0.0,0.0,0.0,0.0,0.0,0.0,0.0,0.0,0.0
75150,0.0,0.0,0.0,0.0,0.0,0.0,0.0,0.0,1.0,0.0
75252,0.0,0.0,0.0,0.0,0.0,0.0,0.0,0.0,1.0,0.0
75482,0.0,0.0,0.0,0.0,0.0,0.0,0.0,0.0,1.0,0.0
75623,0.0,0.0,0.0,0.0,0.0,1.0,0.0,0.0,0.0,0.0
75713,0.0,0.0,0.0,0.0,0.0,0.0,1.0,0.0,0.0,0.0
75945,1.0,0.0,0.0,0.0,0.0,0.0,0.0,0.0,0.0,0.0
75970,0.0,0.0,0.0,0.0,0.0,0.0,0.0,0.0,1.0,0.0
75979,0.0,0.0,0.0,0.0,0.0,0.0,0.0,1.0,0.0,0.0
76069,0.0,0.0,0.0,0.0,0.0,0.0,0.0,0.0,1.0,0.0
76150,0.0,0.0,0.0,1.0,0.0,0.0,0.0,0.0,0.0,0.0
76206,0.0,0.0,0.0,0.0,0.0,0.0,1.0,0.0,0.0,0.0
76255,0.0,0.0,0.0,0.0,0.0,0.0,1.0,0.0,0.0,0.0
76314,1.0,0.0,0.0,0.0,0.0,0.0,0.0,0.0,0.0,0.0
76335,0.0,0.0,0.0,0.0,0.0,0.0,0.0,1.0,0.0,0.0
76418,0.0,0.0,0.0,0.0,0.0,0.0,0.0,1.0,0.0,0.0
76483,1.0,0.0,0.0,0.0,0.0,0.0,0.0,0.0,0.0,0.0
76524,0.0,0.0,0.0,1.0,0.0,0.0,0.0,0.0,0.0,0.0
76578,0.0,0.0,0.0,0.0,0.0,0.0,1.0,0.0,0.0,0.0
76666,0.0,0.0,0.0,0.0,0.0,0.0,0.0,0.0,1.0,0.0
76698,1.0,0.0,0.0,0.0,0.0,0.0,0.0,0.0,0.0,0.0
76759,0.0,0.0,0.0,0.0,1.0,0.0,0.0,0.0,0.0,0.0
76897,0.0,0.0,0.0,0.0,0.0,1.0,0.0,0.0,0.0,0.0
77093,0.0,0.0,0.0,0.0,0.0,0.0,0.0,0.0,1.0,0.0
77243,0.0,0.0,1.0,0.0,0.0,0.0,0.0,0.0,0.0,0.0
77448,0.0,0.0,0.0,1.0,0.0,0.0,0.0,0.0,0.0,0.0
77499,0.0,0.0,0.0,0.0,0.0,1.0,0.0,0.0,0.0,0.0
77591,0.0,0.0,0.0,0.0,0.0,0.0,0.0,1.0,0.0,0.0
77600,0.0,0.0,0.0,0.0,0.0,0.0,1.0,0.0,0.0,0.0
77619,0.0,0.0,0.0,0.0,0.0,0.0,0.0,0.0,1.0,0.0
77703,0.0,0.0,0.0,0.0,0.0,1.0,0.0,0.0,0.0,0.0
77809,0.0,0.0,0.0,0.0,0.0,0.0,0.0,0.0,1.0,0.0
77854,0.0,1.0,0.0,0.0,0.0,0.0,0.0,0.0,0.0,0.0
77930,0.0,0.0,0.0,0.0,0.0,0.0,0.0,1.0,0.0,0.0
77987,0.0,0.0,0.0,0.0,0.0,0.0,0.0,1.0,0.0,0.0
78015,0.0,1.0,0.0,0.0,0.0,0.0,0.0,0.0,0.0,0.0
78273,0.0,0.0,0.0,0.0,1.0,0.0,0.0,0.0,0.0,0.0
78274,0.0,0.0,0.0,0.0,0.0,0.0,0.0,1.0,0.0,0.0
78275,0.0,0.0,0.0,0.0,0.0,0.0,0.0,1.0,0.0,0.0
78393,0.0,0.0,0.0,0.0,0.0,0.0,0.0,0.0,1.0,0.0
78414,0.0,0.0,0.0,1.0,0.0,0.0,0.0,0.0,0.0,0.0
78446,0.0,0.0,1.0,0.0,0.0,0.0,0.0,0.0,0.0,0.0
78492,0.0,0.0,0.0,0.0,0.0,0.0,1.0,0.0,0.0,0.0
78497,0.0,0.0,1.0,0.0,0.0,0.0,0.0,0.0,0.0,0.0
78600,0.0,1.0,0.0,0.0,0.0,0.0,0.0,0.0,0.0,0.0
78684,0.0,0.0,0.0,0.0,0.0,0.0,0.0,0.0,1.0,0.0
78703,0.0,0.0,0.0,0.0,0.0,0.0,0.0,1.0,0.0,0.0
78842,0.0,0.0,0.0,0.0,0.0,0.0,0.0,1.0,0.0,0.0
78898,0.0,0.0,0.0,0.0,0.0,0.0,0.0,0.0,1.0,0.0
79040,0.0,0.0,0.0,0.0,0.0,0.0,0.0,1.0,0.0,0.0
79142,1.0,0.0,0.0,0.0,0.0,0.0,0.0,0.0,0.0,0.0
79296,0.0,0.0,0.0,0.0,0.0,0.0,0.0,0.0,1.0,0.0
79302,0.0,0.0,0.0,1.0,0.0,0.0,0.0,0.0,0.0,0.0
79327,0.0,0.0,0.0,0.0,0.0,0.0,0.0,1.0,0.0,0.0
79351,0.0,0.0,0.0,0.0,0.0,0.0,0.0,0.0,1.0,0.0
79356,0.0,0.0,0.0,0.0,0.0,0.0,0.0,1.0,0.0,0.0
79627,0.0,0.0,0.0,0.0,0.0,0.0,1.0,0.0,0.0,0.0
79651,0.0,1.0,0.0,0.0,0.0,0.0,0.0,0.0,0.0,0.0
79702,0.0,0.0,0.0,0.0,0.0,0.0,0.0,0.0,1.0,0.0
79708,0.0,0.0,0.0,0.0,0.0,0.0,0.0,0.0,1.0,0.0
79744,0.0,0.0,0.0,1.0,0.0,0.0,0.0,0.0,0.0,0.0
79802,0.0,0.0,0.0,0.0,0.0,0.0,0.0,0.0,1.0,0.0
79817,0.0,0.0,0.0,0.0,0.0,0.0,0.0,0.0,1.0,0.0
79910,0.0,0.0,0.0,1.0,0.0,0.0,0.0,0.0,0.0,0.0
80146,0.0,0.0,0.0,0.0,0.0,0.0,0.0,1.0,0.0,0.0
80160,1.0,0.0,0.0,0.0,0.0,0.0,0.0,0.0,0.0,0.0
80326,0.0,0.0,0.0,0.0,0.0,0.0,1.0,0.0,0.0,0.0
80335,0.0,0.0,0.0,0.0,0.0,0.0,0.0,1.0,0.0,0.0
80380,0.0,0.0,0.0,0.0,0.0,0.0,0.0,1.0,0.0,0.0
80586,1.0,0.0,0.0,0.0,0.0,0.0,0.0,0.0,0.0,0.0
80646,1.0,0.0,0.0,0.0,0.0,0.0,0.0,0.0,0.0,0.0
80804,0.0,0.0,0.0,0.0,0.0,0.0,0.0,1.0,0.0,0.0
80876,0.0,0.0,0.0,0.0,0.0,0.0,0.0,0.0,1.0,0.0
80883,0.0,0.0,0.0,0.0,0.0,0.0,0.0,1.0,0.0,0.0
80917,0.0,0.0,0.0,0.0,0.0,0.0,0.0,0.0,1.0,0.0
81003,0.0,0.0,1.0,0.0,0.0,0.0,0.0,0.0,0.0,0.0
81015,0.0,0.0,0.0,0.0,0.0,0.0,0.0,1.0,0.0,0.0
81103,0.0,0.0,0.0,0.0,0.0,0.0,0.0,1.0,0.0,0.0
81276,0.0,0.0,0.0,0.0,0.0,0.0,0.0,0.0,1.0,0.0
81441,0.0,1.0,0.0,0.0,0.0,0.0,0.0,0.0,0.0,0.0
81509,1.0,0.0,0.0,0.0,0.0,0.0,0.0,0.0,0.0,0.0
81513,0.0,0.0,0.0,0.0,0.0,0.0,0.0,1.0,0.0,0.0
81582,0.0,0.0,0.0,0.0,1.0,0.0,0.0,0.0,0.0,0.0
81613,0.0,1.0,0.0,0.0,0.0,0.0,0.0,0.0,0.0,0.0
81727,0.0,0.0,0.0,0.0,0.0,0.0,0.0,0.0,1.0,0.0
81761,0.0,0.0,0.0,0.0,0.0,0.0,0.0,0.0,1.0,0.0
81889,0.0,0.0,0.0,0.0,0.0,0.0,0.0,1.0,0.0,0.0
81914,0.0,0.0,0.0,0.0,0.0,0.0,0.0,1.0,0.0,0.0
82165,0.0,0.0,0.0,0.0,0.0,0.0,1.0,0.0,0.0,0.0
82177,0.0,0.0,0.0,0.0,0.0,0.0,0.0,1.0,0.0,0.0
82207,0.0,0.0,0.0,0.0,0.0,0.0,0.0,1.0,0.0,0.0
82333,0.0,0.0,0.0,0.0,0.0,0.0,0.0,0.0,1.0,0.0
82456,0.0,0.0,0.0,0.0,0.0,0.0,0.0,0.0,1.0,0.0
82483,0.0,0.0,0.0,0.0,0.0,0.0,0.0,1.0,0.0,0.0
82722,0.0,0.0,0.0,0.0,0.0,1.0,0.0,0.0,0.0,0.0
82786,0.0,0.0,0.0,0.0,1.0,0.0,0.0,0.0,0.0,0.0
82880,0.0,0.0,0.0,0.0,1.0,0.0,0.0,0.0,0.0,0.0
82951,0.0,1.0,0.0,0.0,0.0,0.0,0.0,0.0,0.0,0.0
82993,0.0,0.0,0.0,0.0,0.0,0.0,1.0,0.0,0.0,0.0
83018,0.0,0.0,0.0,0.0,1.0,0.0,0.0,0.0,0.0,0.0
83145,0.0,0.0,1.0,0.0,0.0,0.0,0.0,0.0,0.0,0.0
83149,0.0,0.0,1.0,0.0,0.0,0.0,0.0,0.0,0.0,0.0
83192,0.0,0.0,0.0,0.0,0.0,0.0,0.0,0.0,1.0,0.0
83203,1.0,0.0,0.0,0.0,0.0,0.0,0.0,0.0,0.0,0.0
83319,0.0,0.0,0.0,0.0,0.0,1.0,0.0,0.0,0.0,0.0
83380,0.0,0.0,0.0,0.0,0.0,0.0,1.0,0.0,0.0,0.0
83519,0.0,0.0,0.0,0.0,0.0,0.0,0.0,0.0,1.0,0.0
83546,0.0,0.0,0.0,0.0,0.0,0.0,0.0,0.0,1.0,0.0
83763,0.0,0.0,0.0,0.0,0.0,0.0,0.0,0.0,1.0,0.0
83867,0.0,0.0,0.0,1.0,0.0,0.0,0.0,0.0,0.0,0.0
83882,0.0,0.0,0.0,0.0,0.0,0.0,0.0,1.0,0.0,0.0
83897,0.0,0.0,0.0,0.0,0.0,0.0,0.0,0.0,1.0,0.0
83918,0.0,0.0,0.0,0.0,0.0,0.0,0.0,1.0,0.0,0.0
84002,0.0,0.0,0.0,0.0,0.0,1.0,0.0,0.0,0.0,0.0
84008,0.0,0.0,0.0,0.0,0.0,0.0,0.0,1.0,0.0,0.0
84056,0.0,0.0,0.0,0.0,1.0,0.0,0.0,0.0,0.0,0.0
84105,0.0,0.0,0.0,0.0,0.0,1.0,0.0,0.0,0.0,0.0
84106,0.0,0.0,0.0,0.0,0.0,0.0,0.0,0.0,1.0,0.0
84162,0.0,0.0,0.0,0.0,0.0,0.0,0.0,1.0,0.0,0.0
84173,0.0,0.0,0.0,0.0,0.0,0.0,0.0,0.0,1.0,0.0
84185,0.0,0.0,0.0,0.0,0.0,0.0,0.0,1.0,0.0,0.0
84208,0.0,0.0,0.0,0.0,0.0,0.0,0.0,0.0,1.0,0.0
84243,0.0,0.0,0.0,0.0,0.0,0.0,0.0,0.0,1.0,0.0
84255,0.0,0.0,0.0,0.0,0.0,0.0,0.0,1.0,0.0,0.0
84274,0.0,0.0,0.0,0.0,0.0,1.0,0.0,0.0,0.0,0.0
84287,0.0,0.0,0.0,0.0,0.0,1.0,0.0,0.0,0.0,0.0
84316,0.0,0.0,0.0,1.0,0.0,0.0,0.0,0.0,0.0,0.0
84389,0.0,0.0,0.0,0.0,0.0,0.0,0.0,0.0,1.0,0.0
84391,0.0,0.0,0.0,0.0,0.0,0.0,0.0,0.0,1.0,0.0
84394,0.0,0.0,0.0,0.0,0.0,0.0,1.0,0.0,0.0,0.0
84449,0.0,0.0,0.0,0.0,0.0,0.0,0.0,1.0,0.0,0.0
84454,0.0,0.0,0.0,0.0,0.0,0.0,0.0,0.0,1.0,0.0
84486,0.0,0.0,0.0,0.0,0.0,1.0,0.0,0.0,0.0,0.0
84516,0.0,0.0,0.0,1.0,0.0,0.0,0.0,0.0,0.0,0.0
84730,0.0,0.0,0.0,0.0,0.0,0.0,0.0,1.0,0.0,0.0
84732,0.0,0.0,0.0,0.0,0.0,0.0,0.0,0.0,1.0,0.0
84890,0.0,0.0,0.0,0.0,0.0,0.0,0.0,0.0,1.0,0.0
84909,0.0,0.0,0.0,0.0,1.0,0.0,0.0,0.0,0.0,0.0
85023,0.0,0.0,0.0,0.0,0.0,0.0,0.0,1.0,0.0,0.0
85057,1.0,0.0,0.0,0.0,0.0,0.0,0.0,0.0,0.0,0.0
85064,0.0,0.0,0.0,0.0,0.0,0.0,0.0,1.0,0.0,0.0
85251,0.0,0.0,0.0,0.0,0.0,0.0,0.0,0.0,1.0,0.0
85282,0.0,0.0,0.0,1.0,0.0,0.0,0.0,0.0,0.0,0.0
85354,0.0,0.0,0.0,0.0,0.0,0.0,0.0,1.0,0.0,0.0
85373,0.0,0.0,0.0,0.0,0.0,0.0,0.0,0.0,1.0,0.0
85414,0.0,0.0,0.0,0.0,0.0,0.0,0.0,1.0,0.0,0.0
85440,0.0,0.0,0.0,1.0,0.0,0.0,0.0,0.0,0.0,0.0
85576,0.0,0.0,0.0,1.0,0.0,0.0,0.0,0.0,0.0,0.0
85651,0.0,0.0,0.0,0.0,0.0,0.0,0.0,0.0,1.0,0.0
85706,1.0,0.0,0.0,0.0,0.0,0.0,0.0,0.0,0.0,0.0
85734,0.0,0.0,0.0,0.0,0.0,0.0,0.0,0.0,1.0,0.0
85825,0.0,0.0,1.0,0.0,0.0,0.0,0.0,0.0,0.0,0.0
86085,1.0,0.0,0.0,0.0,0.0,0.0,0.0,0.0,0.0,0.0
86193,0.0,0.0,0.0,0.0,0.0,0.0,0.0,1.0,0.0,0.0
86198,0.0,0.0,0.0,0.0,0.0,0.0,0.0,0.0,1.0,0.0
86476,0.0,0.0,0.0,0.0,0.0,0.0,1.0,0.0,0.0,0.0
86552,0.0,0.0,0.0,0.0,0.0,1.0,0.0,0.0,0.0,0.0
86559,0.0,0.0,0.0,0.0,0.0,0.0,1.0,0.0,0.0,0.0
86624,1.0,0.0,0.0,0.0,0.0,0.0,0.0,0.0,0.0,0.0
86666,0.0,0.0,0.0,0.0,0.0,1.0,0.0,0.0,0.0,0.0
86688,0.0,0.0,0.0,0.0,0.0,0.0,0.0,0.0,1.0,0.0
86695,0.0,0.0,0.0,0.0,0.0,0.0,1.0,0.0,0.0,0.0
86722,0.0,0.0,0.0,0.0,0.0,0.0,1.0,0.0,0.0,0.0
86914,0.0,1.0,0.0,0.0,0.0,0.0,0.0,0.0,0.0,0.0
87040,0.0,0.0,0.0,0.0,0.0,0.0,0.0,1.0,0.0,0.0
87086,0.0,0.0,0.0,0.0,0.0,0.0,0.0,0.0,1.0,0.0
87204,0.0,0.0,0.0,0.0,0.0,0.0,1.0,0.0,0.0,0.0
87304,0.0,0.0,0.0,0.0,0.0,0.0,0.0,1.0,0.0,0.0
87325,0.0,0.0,0.0,0.0,0.0,0.0,0.0,1.0,0.0,0.0
87339,1.0,0.0,0.0,0.0,0.0,0.0,0.0,0.0,0.0,0.0
87373,0.0,0.0,0.0,1.0,0.0,0.0,0.0,0.0,0.0,0.0
87407,1.0,0.0,0.0,0.0,0.0,0.0,0.0,0.0,0.0,0.0
87431,0.0,0.0,0.0,1.0,0.0,0.0,0.0,0.0,0.0,0.0
87469,0.0,0.0,0.0,0.0,0.0,0.0,1.0,0.0,0.0,0.0
87509,0.0,0.0,0.0,0.0,0.0,0.0,0.0,0.0,1.0,0.0
87656,0.0,0.0,0.0,0.0,0.0,0.0,0.0,0.0,1.0,0.0
87706,0.0,0.0,0.0,0.0,0.0,0.0,0.0,1.0,0.0,0.0
87709,0.0,0.0,0.0,0.0,0.0,0.0,0.0,0.0,1.0,0.0
87783,0.0,0.0,0.0,0.0,0.0,0.0,0.0,0.0,1.0,0.0
87826,0.0,0.0,0.0,0.0,0.0,1.0,0.0,0.0,0.0,0.0
87857,0.0,0.0,0.0,0.0,0.0,0.0,0.0,1.0,0.0,0.0
87956,0.0,0.0,0.0,0.0,0.0,0.0,1.0,0.0,0.0,0.0
87973,0.0,0.0,0.0,0.0,0.0,0.0,0.0,0.0,1.0,0.0
88037,1.0,0.0,0.0,0.0,0.0,0.0,0.0,0.0,0.0,0.0
88260,1.0,0.0,0.0,0.0,0.0,0.0,0.0,0.0,0.0,0.0
88292,0.0,0.0,0.0,0.0,0.0,0.0,0.0,1.0,0.0,0.0
88358,1.0,0.0,0.0,0.0,0.0,0.0,0.0,0.0,0.0,0.0
88439,0.0,0.0,1.0,0.0,0.0,0.0,0.0,0.0,0.0,0.0
88459,1.0,0.0,0.0,0.0,0.0,0.0,0.0,0.0,0.0,0.0
88585,0.0,0.0,0.0,0.0,0.0,0.0,0.0,1.0,0.0,0.0
88669,0.0,0.0,0.0,0.0,0.0,0.0,0.0,0.0,1.0,0.0
88677,0.0,0.0,0.0,0.0,0.0,0.0,0.0,1.0,0.0,0.0
88790,0.0,0.0,1.0,0.0,0.0,0.0,0.0,0.0,0.0,0.0
88799,0.0,0.0,0.0,0.0,0.0,0.0,0.0,0.0,1.0,0.0
88812,0.0,0.0,0.0,0.0,0.0,0.0,0.0,0.0,1.0,0.0
88814,0.0,0.0,1.0,0.0,0.0,0.0,0.0,0.0,0.0,0.0
89119,0.0,0.0,0.0,0.0,0.0,1.0,0.0,0.0,0.0,0.0
89211,0.0,0.0,0.0,0.0,0.0,0.0,0.0,0.0,1.0,0.0
89257,0.0,0.0,0.0,0.0,0.0,0.0,0.0,1.0,0.0,0.0
89278,0.0,0.0,0.0,0.0,0.0,0.0,0.0,1.0,0.0,0.0
89338,0.0,0.0,0.0,0.0,0.0,0.0,0.0,0.0,1.0,0.0
89567,0.0,0.0,0.0,0.0,0.0,0.0,1.0,0.0,0.0,0.0
89700,0.0,1.0,0.0,0.0,0.0,0.0,0.0,0.0,0.0,0.0
89726,0.0,0.0,0.0,0.0,0.0,0.0,0.0,0.0,1.0,0.0
89792,0.0,0.0,0.0,0.0,0.0,0.0,0.0,1.0,0.0,0.0
89809,0.0,0.0,0.0,0.0,1.0,0.0,0.0,0.0,0.0,0.0
90076,0.0,0.0,0.0,0.0,0.0,0.0,0.0,0.0,1.0,0.0
90137,0.0,0.0,0.0,0.0,0.0,0.0,0.0,0.0,1.0,0.0
90304,1.0,0.0,0.0,0.0,0.0,0.0,0.0,0.0,0.0,0.0
90307,0.0,0.0,0.0,0.0,0.0,0.0,0.0,1.0,0.0,0.0
90382,0.0,0.0,0.0,0.0,0.0,0.0,0.0,0.0,1.0,0.0
90391,0.0,0.0,0.0,0.0,1.0,0.0,0.0,0.0,0.0,0.0
90396,0.0,0.0,0.0,0.0,0.0,0.0,1.0,0.0,0.0,0.0
90430,0.0,0.0,0.0,0.0,0.0,0.0,0.0,0.0,1.0,0.0
90448,0.0,0.0,0.0,0.0,0.0,1.0,0.0,0.0,0.0,0.0
90628,0.0,0.0,0.0,0.0,0.0,0.0,0.0,1.0,0.0,0.0
90635,0.0,0.0,0.0,0.0,0.0,0.0,0.0,1.0,0.0,0.0
90759,0.0,0.0,0.0,0.0,0.0,0.0,0.0,0.0,1.0,0.0
90865,0.0,0.0,0.0,0.0,0.0,0.0,0.0,1.0,0.0,0.0
90882,0.0,0.0,0.0,0.0,0.0,1.0,0.0,0.0,0.0,0.0
90941,0.0,0.0,0.0,0.0,0.0,1.0,0.0,0.0,0.0,0.0
90948,0.0,0.0,0.0,0.0,0.0,0.0,0.0,1.0,0.0,0.0
91032,0.0,0.0,0.0,0.0,0.0,0.0,0.0,1.0,0.0,0.0
91157,0.0,1.0,0.0,0.0,0.0,0.0,0.0,0.0,0.0,0.0
91200,0.0,0.0,0.0,0.0,0.0,0.0,0.0,1.0,0.0,0.0
91218,0.0,0.0,0.0,0.0,0.0,0.0,0.0,1.0,0.0,0.0
91350,0.0,0.0,0.0,0.0,0.0,0.0,0.0,1.0,0.0,0.0
91384,0.0,0.0,0.0,0.0,0.0,0.0,0.0,0.0,1.0,0.0
91394,0.0,0.0,1.0,0.0,0.0,0.0,0.0,0.0,0.0,0.0
91427,0.0,0.0,0.0,0.0,0.0,0.0,0.0,1.0,0.0,0.0
91434,0.0,0.0,0.0,1.0,0.0,0.0,0.0,0.0,0.0,0.0
91495,0.0,0.0,0.0,1.0,0.0,0.0,0.0,0.0,0.0,0.0
91503,0.0,0.0,0.0,0.0,0.0,0.0,0.0,0.0,1.0,0.0
91606,0.0,0.0,0.0,0.0,0.0,0.0,0.0,1.0,0.0,0.0
91648,0.0,0.0,0.0,0.0,0.0,0.0,0.0,1.0,0.0,0.0
91654,0.0,0.0,0.0,0.0,0.0,0.0,1.0,0.0,0.0,0.0
91727,1.0,0.0,0.0,0.0,0.0,0.0,0.0,0.0,0.0,0.0
91774,0.0,0.0,0.0,0.0,0.0,1.0,0.0,0.0,0.0,0.0
91929,0.0,0.0,0.0,0.0,0.0,0.0,1.0,0.0,0.0,0.0
92089,0.0,0.0,0.0,0.0,0.0,0.0,1.0,0.0,0.0,0.0
92099,0.0,0.0,0.0,0.0,0.0,0.0,0.0,1.0,0.0,0.0
92158,0.0,0.0,0.0,0.0,0.0,0.0,0.0,1.0,0.0,0.0
92169,0.0,0.0,0.0,0.0,0.0,0.0,0.0,1.0,0.0,0.0
92211,0.0,0.0,0.0,1.0,0.0,0.0,0.0,0.0,0.0,0.0
92228,0.0,0.0,0.0,0.0,0.0,0.0,0.0,1.0,0.0,0.0
92301,0.0,0.0,1.0,0.0,0.0,0.0,0.0,0.0,0.0,0.0
92523,1.0,0.0,0.0,0.0,0.0,0.0,0.0,0.0,0.0,0.0
92595,0.0,0.0,0.0,0.0,0.0,0.0,0.0,1.0,0.0,0.0
92612,0.0,0.0,0.0,0.0,0.0,1.0,0.0,0.0,0.0,0.0
92622,0.0,0.0,0.0,0.0,0.0,0.0,0.0,0.0,1.0,0.0
92634,0.0,0.0,0.0,0.0,0.0,0.0,0.0,1.0,0.0,0.0
92939,0.0,0.0,0.0,0.0,0.0,0.0,0.0,0.0,1.0,0.0
93254,0.0,0.0,0.0,0.0,0.0,0.0,0.0,0.0,1.0,0.0
93259,0.0,0.0,0.0,0.0,0.0,0.0,0.0,1.0,0.0,0.0
93583,0.0,0.0,0.0,0.0,0.0,0.0,0.0,1.0,0.0,0.0
93618,0.0,0.0,0.0,0.0,0.0,0.0,1.0,0.0,0.0,0.0
93686,0.0,0.0,0.0,1.0,0.0,0.0,0.0,0.0,0.0,0.0
93788,0.0,0.0,0.0,0.0,0.0,0.0,1.0,0.0,0.0,0.0
93815,1.0,0.0,0.0,0.0,0.0,0.0,0.0,0.0,0.0,0.0
93990,1.0,0.0,0.0,0.0,0.0,0.0,0.0,0.0,0.0,0.0
94271,0.0,0.0,0.0,0.0,0.0,0.0,0.0,1.0,0.0,0.0
94272,0.0,0.0,1.0,0.0,0.0,0.0,0.0,0.0,0.0,0.0
94344,0.0,0.0,0.0,0.0,0.0,0.0,0.0,1.0,0.0,0.0
94372,0.0,0.0,0.0,0.0,0.0,0.0,1.0,0.0,0.0,0.0
94376,0.0,0.0,1.0,0.0,0.0,0.0,0.0,0.0,0.0,0.0
94426,0.0,1.0,0.0,0.0,0.0,0.0,0.0,0.0,0.0,0.0
94498,0.0,0.0,0.0,1.0,0.0,0.0,0.0,0.0,0.0,0.0
94837,0.0,0.0,0.0,0.0,0.0,0.0,1.0,0.0,0.0,0.0
94872,1.0,0.0,0.0,0.0,0.0,0.0,0.0,0.0,0.0,0.0
94895,0.0,0.0,1.0,0.0,0.0,0.0,0.0,0.0,0.0,0.0
94905,0.0,0.0,0.0,0.0,0.0,0.0,1.0,0.0,0.0,0.0
95109,0.0,0.0,0.0,0.0,0.0,0.0,0.0,1.0,0.0,0.0
95254,0.0,0.0,0.0,0.0,0.0,0.0,0.0,1.0,0.0,0.0
95442,0.0,0.0,0.0,0.0,0.0,0.0,0.0,1.0,0.0,0.0
95449,0.0,0.0,0.0,0.0,0.0,0.0,0.0,0.0,1.0,0.0
95471,1.0,0.0,0.0,0.0,0.0,0.0,0.0,0.0,0.0,0.0
95588,0.0,0.0,0.0,0.0,0.0,0.0,1.0,0.0,0.0,0.0
95606,0.0,0.0,0.0,0.0,0.0,1.0,0.0,0.0,0.0,0.0
95609,0.0,0.0,0.0,0.0,0.0,0.0,1.0,0.0,0.0,0.0
95706,0.0,0.0,0.0,0.0,0.0,1.0,0.0,0.0,0.0,0.0
95750,0.0,0.0,0.0,0.0,0.0,1.0,0.0,0.0,0.0,0.0
95841,0.0,0.0,0.0,0.0,0.0,0.0,0.0,0.0,1.0,0.0
95872,0.0,0.0,0.0,0.0,0.0,0.0,0.0,1.0,0.0,0.0
95891,0.0,0.0,0.0,0.0,0.0,0.0,0.0,1.0,0.0,0.0
95994,0.0,0.0,0.0,0.0,1.0,0.0,0.0,0.0,0.0,0.0
96168,0.0,0.0,0.0,0.0,1.0,0.0,0.0,0.0,0.0,0.0
96191,0.0,0.0,0.0,0.0,0.0,0.0,0.0,0.0,1.0,0.0
96199,0.0,1.0,0.0,0.0,0.0,0.0,0.0,0.0,0.0,0.0
96200,0.0,0.0,0.0,0.0,0.0,0.0,1.0,0.0,0.0,0.0
96204,0.0,0.0,0.0,0.0,0.0,0.0,0.0,1.0,0.0,0.0
96457,0.0,0.0,0.0,0.0,0.0,0.0,1.0,0.0,0.0,0.0
96516,0.0,0.0,0.0,0.0,1.0,0.0,0.0,0.0,0.0,0.0
96548,0.0,0.0,0.0,0.0,0.0,0.0,0.0,1.0,0.0,0.0
96768,0.0,0.0,0.0,0.0,1.0,0.0,0.0,0.0,0.0,0.0
96938,0.0,0.0,0.0,0.0,0.0,0.0,0.0,1.0,0.0,0.0
97078,0.0,0.0,0.0,0.0,0.0,1.0,0.0,0.0,0.0,0.0
97089,0.0,0.0,0.0,0.0,0.0,0.0,0.0,1.0,0.0,0.0
97120,0.0,0.0,0.0,0.0,0.0,1.0,0.0,0.0,0.0,0.0
97451,0.0,0.0,0.0,0.0,1.0,0.0,0.0,0.0,0.0,0.0
97533,1.0,0.0,0.0,0.0,0.0,0.0,0.0,0.0,0.0,0.0
97542,0.0,0.0,0.0,0.0,0.0,0.0,1.0,0.0,0.0,0.0
97816,0.0,0.0,0.0,0.0,0.0,0.0,0.0,1.0,0.0,0.0
97859,0.0,0.0,0.0,1.0,0.0,0.0,0.0,0.0,0.0,0.0
97916,0.0,0.0,0.0,0.0,0.0,0.0,1.0,0.0,0.0,0.0
97919,0.0,0.0,0.0,1.0,0.0,0.0,0.0,0.0,0.0,0.0
98109,0.0,0.0,0.0,0.0,0.0,0.0,0.0,0.0,1.0,0.0
98213,0.0,1.0,0.0,0.0,0.0,0.0,0.0,0.0,0.0,0.0
98232,0.0,0.0,0.0,0.0,1.0,0.0,0.0,0.0,0.0,0.0
98263,0.0,0.0,0.0,0.0,1.0,0.0,0.0,0.0,0.0,0.0
98432,0.0,0.0,0.0,0.0,1.0,0.0,0.0,0.0,0.0,0.0
98436,0.0,0.0,0.0,0.0,0.0,0.0,1.0,0.0,0.0,0.0
98466,0.0,0.0,1.0,0.0,0.0,0.0,0.0,0.0,0.0,0.0
98476,0.0,0.0,0.0,0.0,0.0,0.0,0.0,1.0,0.0,0.0
98566,0.0,0.0,0.0,0.0,0.0,0.0,0.0,1.0,0.0,0.0
98682,0.0,0.0,0.0,0.0,0.0,1.0,0.0,0.0,0.0,0.0
98800,0.0,0.0,0.0,1.0,0.0,0.0,0.0,0.0,0.0,0.0
98952,0.0,0.0,0.0,0.0,0.0,0.0,1.0,0.0,0.0,0.0
98976,0.0,0.0,0.0,0.0,0.0,0.0,0.0,1.0,0.0,0.0
99027,0.0,0.0,0.0,0.0,0.0,0.0,1.0,0.0,0.0,0.0
99057,0.0,0.0,0.0,0.0,0.0,0.0,1.0,0.0,0.0,0.0
99061,0.0,0.0,0.0,0.0,0.0,0.0,0.0,0.0,1.0,0.0
99125,0.0,0.0,0.0,0.0,0.0,0.0,1.0,0.0,0.0,0.0
99223,1.0,0.0,0.0,0.0,0.0,0.0,0.0,0.0,0.0,0.0
99375,0.0,0.0,0.0,0.0,0.0,0.0,0.0,0.0,1.0,0.0
99416,0.0,1.0,0.0,0.0,0.0,0.0,0.0,0.0,0.0,0.0
99424,1.0,0.0,0.0,0.0,0.0,0.0,0.0,0.0,0.0,0.0
99487,0.0,0.0,0.0,0.0,0.0,0.0,0.0,1.0,0.0,0.0
99565,0.0,0.0,0.0,0.0,0.0,0.0,0.0,1.0,0.0,0.0
99632,0.0,0.0,0.0,0.0,0.0,0.0,0.0,0.0,1.0,0.0
99669,0.0,0.0,0.0,0.0,0.0,0.0,0.0,1.0,0.0,0.0
99686,0.0,0.0,0.0,1.0,0.0,0.0,0.0,0.0,0.0,0.0
99704,0.0,0.0,0.0,0.0,0.0,0.0,0.0,1.0,0.0,0.0
99805,0.0,0.0,1.0,0.0,0.0,0.0,0.0,0.0,0.0,0.0
99894,0.0,0.0,0.0,0.0,0.0,0.0,0.0,0.0,1.0,0.0
99938,0.0,0.0,0.0,0.0,0.0,0.0,0.0,0.0,1.0,0.0
99955,0.0,0.0,0.0,0.0,0.0,0.0,0.0,0.0,1.0,0.0
100087,0.0,0.0,0.0,0.0,0.0,0.0,0.0,0.0,1.0,0.0
100119,0.0,0.0,0.0,0.0,0.0,0.0,0.0,0.0,1.0,0.0
100134,0.0,0.0,0.0,0.0,0.0,0.0,0.0,0.0,1.0,0.0
100146,0.0,0.0,0.0,0.0,0.0,0.0,0.0,0.0,1.0,0.0
100251,0.0,0.0,0.0,0.0,0.0,0.0,0.0,0.0,1.0,0.0
100312,0.0,0.0,0.0,0.0,0.0,0.0,0.0,0.0,1.0,0.0
100386,0.0,0.0,0.0,0.0,0.0,1.0,0.0,0.0,0.0,0.0
100500,0.0,0.0,0.0,0.0,0.0,0.0,0.0,0.0,1.0,0.0
100582,0.0,0.0,0.0,0.0,0.0,0.0,0.0,0.0,1.0,0.0
100656,0.0,0.0,0.0,1.0,0.0,0.0,0.0,0.0,0.0,0.0
100703,0.0,0.0,0.0,0.0,0.0,0.0,0.0,1.0,0.0,0.0
100821,0.0,0.0,1.0,0.0,0.0,0.0,0.0,0.0,0.0,0.0
101018,0.0,0.0,0.0,0.0,0.0,0.0,0.0,1.0,0.0,0.0
101220,0.0,0.0,0.0,0.0,0.0,0.0,0.0,1.0,0.0,0.0
101907,0.0,0.0,0.0,0.0,0.0,0.0,0.0,0.0,1.0,0.0
102095,0.0,0.0,0.0,0.0,0.0,0.0,0.0,1.0,0.0,0.0
102100,0.0,0.0,0.0,0.0,0.0,0.0,0.0,0.0,1.0,0.0
102104,0.0,0.0,1.0,0.0,0.0,0.0,0.0,0.0,0.0,0.0
102128,0.0,0.0,0.0,0.0,0.0,0.0,0.0,1.0,0.0,0.0
102228,0.0,0.0,0.0,0.0,0.0,0.0,1.0,0.0,0.0,0.0
102269,0.0,0.0,0.0,0.0,0.0,0.0,0.0,0.0,1.0,0.0
102308,0.0,0.0,0.0,0.0,0.0,0.0,1.0,0.0,0.0,0.0
102459,0.0,0.0,0.0,0.0,0.0,0.0,0.0,0.0,1.0,0.0
102613,0.0,0.0,0.0,0.0,0.0,0.0,0.0,0.0,1.0,0.0
102744,0.0,0.0,0.0,0.0,0.0,0.0,1.0,0.0,0.0,0.0
102750,1.0,0.0,0.0,0.0,0.0,0.0,0.0,0.0,0.0,0.0
102806,0.0,0.0,0.0,0.0,0.0,0.0,0.0,1.0,0.0,0.0
102937,0.0,0.0,0.0,0.0,1.0,0.0,0.0,0.0,0.0,0.0
102951,0.0,0.0,0.0,0.0,0.0,0.0,0.0,0.0,1.0,0.0
102954,0.0,0.0,0.0,0.0,0.0,0.0,0.0,1.0,0.0,0.0
103062,0.0,0.0,0.0,0.0,0.0,0.0,0.0,0.0,1.0,0.0
103118,0.0,0.0,1.0,0.0,0.0,0.0,0.0,0.0,0.0,0.0
103211,0.0,0.0,0.0,0.0,0.0,0.0,0.0,0.0,1.0,0.0
103300,0.0,0.0,0.0,0.0,0.0,0.0,0.0,1.0,0.0,0.0
103364,0.0,0.0,0.0,0.0,0.0,0.0,0.0,1.0,0.0,0.0
103366,0.0,0.0,0.0,0.0,0.0,0.0,0.0,0.0,1.0,0.0
103473,0.0,0.0,0.0,0.0,0.0,0.0,0.0,1.0,0.0,0.0
103553,0.0,0.0,0.0,0.0,0.0,0.0,0.0,0.0,1.0,0.0
103572,0.0,0.0,0.0,0.0,0.0,0.0,1.0,0.0,0.0,0.0
103581,0.0,0.0,0.0,0.0,0.0,0.0,0.0,0.0,1.0,0.0
103611,0.0,0.0,0.0,1.0,0.0,0.0,0.0,0.0,0.0,0.0
103628,0.0,0.0,0.0,0.0,0.0,0.0,0.0,0.0,1.0,0.0
103664,0.0,0.0,0.0,0.0,0.0,0.0,0.0,0.0,1.0,0.0
103755,0.0,0.0,0.0,0.0,0.0,0.0,0.0,1.0,0.0,0.0
103783,0.0,0.0,0.0,1.0,0.0,0.0,0.0,0.0,0.0,0.0
103806,0.0,0.0,0.0,0.0,0.0,0.0,0.0,0.0,1.0,0.0
104067,0.0,0.0,0.0,0.0,0.0,0.0,0.0,0.0,1.0,0.0
104075,0.0,0.0,0.0,0.0,0.0,0.0,0.0,1.0,0.0,0.0
104126,0.0,0.0,0.0,0.0,0.0,0.0,0.0,0.0,1.0,0.0
104151,0.0,1.0,0.0,0.0,0.0,0.0,0.0,0.0,0.0,0.0
104209,0.0,0.0,0.0,1.0,0.0,0.0,0.0,0.0,0.0,0.0
104227,0.0,0.0,0.0,0.0,0.0,0.0,0.0,1.0,0.0,0.0
104415,0.0,1.0,0.0,0.0,0.0,0.0,0.0,0.0,0.0,0.0
104494,0.0,0.0,0.0,0.0,0.0,0.0,0.0,0.0,1.0,0.0
104607,0.0,0.0,0.0,0.0,0.0,0.0,0.0,0.0,1.0,0.0
104623,0.0,0.0,0.0,1.0,0.0,0.0,0.0,0.0,0.0,0.0
104640,0.0,0.0,0.0,0.0,0.0,1.0,0.0,0.0,0.0,0.0
104678,0.0,0.0,0.0,0.0,0.0,1.0,0.0,0.0,0.0,0.0
104707,1.0,0.0,0.0,0.0,0.0,0.0,0.0,0.0,0.0,0.0
104929,0.0,1.0,0.0,0.0,0.0,0.0,0.0,0.0,0.0,0.0
104996,0.0,0.0,0.0,0.0,0.0,0.0,0.0,1.0,0.0,0.0
105009,0.0,0.0,0.0,0.0,0.0,0.0,1.0,0.0,0.0,0.0
105078,1.0,0.0,0.0,0.0,0.0,0.0,0.0,0.0,0.0,0.0
105286,0.0,0.0,0.0,0.0,0.0,0.0,0.0,0.0,1.0,0.0
105391,0.0,0.0,0.0,0.0,0.0,0.0,1.0,0.0,0.0,0.0
105486,1.0,0.0,0.0,0.0,0.0,0.0,0.0,0.0,0.0,0.0
105528,1.0,0.0,0.0,0.0,0.0,0.0,0.0,0.0,0.0,0.0
105838,0.0,0.0,0.0,0.0,0.0,0.0,0.0,1.0,0.0,0.0
105859,1.0,0.0,0.0,0.0,0.0,0.0,0.0,0.0,0.0,0.0
105865,0.0,0.0,0.0,0.0,0.0,1.0,0.0,0.0,0.0,0.0
106003,0.0,0.0,0.0,0.0,0.0,0.0,0.0,1.0,0.0,0.0
106090,0.0,0.0,0.0,0.0,0.0,1.0,0.0,0.0,0.0,0.0
106181,0.0,0.0,1.0,0.0,0.0,0.0,0.0,0.0,0.0,0.0
106196,0.0,0.0,0.0,0.0,1.0,0.0,0.0,0.0,0.0,0.0
106224,0.0,0.0,0.0,0.0,0.0,0.0,0.0,0.0,1.0,0.0
106304,0.0,0.0,0.0,1.0,0.0,0.0,0.0,0.0,0.0,0.0
106335,0.0,0.0,0.0,0.0,0.0,0.0,0.0,1.0,0.0,0.0
106377,0.0,0.0,0.0,0.0,0.0,0.0,0.0,1.0,0.0,0.0
106446,0.0,0.0,0.0,1.0,0.0,0.0,0.0,0.0,0.0,0.0
106472,0.0,0.0,0.0,1.0,0.0,0.0,0.0,0.0,0.0,0.0
106560,1.0,0.0,0.0,0.0,0.0,0.0,0.0,0.0,0.0,0.0
106596,0.0,0.0,0.0,1.0,0.0,0.0,0.0,0.0,0.0,0.0
106653,0.0,0.0,0.0,0.0,0.0,0.0,0.0,1.0,0.0,0.0
106672,0.0,0.0,0.0,1.0,0.0,0.0,0.0,0.0,0.0,0.0
106709,0.0,0.0,0.0,0.0,0.0,0.0,1.0,0.0,0.0,0.0
106770,0.0,0.0,0.0,0.0,0.0,1.0,0.0,0.0,0.0,0.0
106857,0.0,0.0,0.0,1.0,0.0,0.0,0.0,0.0,0.0,0.0
107068,0.0,0.0,0.0,0.0,0.0,0.0,0.0,0.0,1.0,0.0
107081,0.0,0.0,0.0,0.0,0.0,0.0,0.0,0.0,1.0,0.0
107104,0.0,0.0,0.0,0.0,0.0,0.0,0.0,0.0,1.0,0.0
107105,1.0,0.0,0.0,0.0,0.0,0.0,0.0,0.0,0.0,0.0
107127,1.0,0.0,0.0,0.0,0.0,0.0,0.0,0.0,0.0,0.0
107194,0.0,0.0,0.0,0.0,0.0,0.0,0.0,0.0,1.0,0.0
107253,1.0,0.0,0.0,0.0,0.0,0.0,0.0,0.0,0.0,0.0
107422,0.0,0.0,0.0,0.0,0.0,0.0,0.0,0.0,1.0,0.0
107430,0.0,0.0,0.0,0.0,0.0,0.0,0.0,0.0,1.0,0.0
107473,0.0,0.0,0.0,0.0,0.0,0.0,0.0,1.0,0.0,0.0
107477,0.0,0.0,0.0,0.0,0.0,0.0,0.0,0.0,1.0,0.0
107497,0.0,0.0,0.0,0.0,0.0,0.0,0.0,0.0,1.0,0.0
107523,0.0,0.0,0.0,0.0,0.0,0.0,0.0,0.0,1.0,0.0
107536,0.0,0.0,0.0,0.0,0.0,0.0,0.0,1.0,0.0,0.0
107571,0.0,0.0,0.0,0.0,0.0,0.0,0.0,1.0,0.0,0.0
107594,0.0,0.0,0.0,0.0,0.0,0.0,1.0,0.0,0.0,0.0
107631,0.0,0.0,0.0,0.0,0.0,0.0,1.0,0.0,0.0,0.0
107678,0.0,0.0,0.0,0.0,0.0,0.0,1.0,0.0,0.0,0.0
107777,0.0,0.0,0.0,0.0,0.0,1.0,0.0,0.0,0.0,0.0
107833,0.0,0.0,0.0,0.0,0.0,1.0,0.0,0.0,0.0,0.0
107837,0.0,0.0,0.0,0.0,0.0,1.0,0.0,0.0,0.0,0.0
107911,0.0,0.0,0.0,0.0,0.0,0.0,0.0,0.0,1.0,0.0
107960,0.0,0.0,0.0,0.0,0.0,0.0,1.0,0.0,0.0,0.0
108136,0.0,0.0,0.0,0.0,0.0,1.0,0.0,0.0,0.0,0.0
108167,0.0,0.0,0.0,0.0,0.0,1.0,0.0,0.0,0.0,0.0
108257,0.0,0.0,0.0,0.0,1.0,0.0,0.0,0.0,0.0,0.0
108262,0.0,0.0,0.0,0.0,0.0,0.0,0.0,1.0,0.0,0.0
108306,0.0,0.0,0.0,0.0,0.0,0.0,0.0,0.0,1.0,0.0
108335,1.0,0.0,0.0,0.0,0.0,0.0,0.0,0.0,0.0,0.0
108345,0.0,0.0,0.0,0.0,0.0,0.0,1.0,0.0,0.0,0.0
108385,0.0,0.0,0.0,0.0,0.0,0.0,0.0,0.0,1.0,0.0
108561,0.0,0.0,0.0,0.0,1.0,0.0,0.0,0.0,0.0,0.0
108599,0.0,0.0,0.0,0.0,0.0,0.0,0.0,1.0,0.0,0.0
108614,0.0,0.0,0.0,0.0,0.0,0.0,0.0,0.0,1.0,0.0
108732,0.0,0.0,0.0,0.0,0.0,0.0,1.0,0.0,0.0,0.0
108918,0.0,0.0,0.0,0.0,0.0,0.0,0.0,1.0,0.0,0.0
108936,0.0,0.0,0.0,0.0,0.0,0.0,0.0,0.0,1.0,0.0
108957,0.0,0.0,0.0,0.0,0.0,0.0,0.0,1.0,0.0,0.0
109087,0.0,0.0,0.0,0.0,0.0,0.0,1.0,0.0,0.0,0.0
109120,0.0,0.0,0.0,1.0,0.0,0.0,0.0,0.0,0.0,0.0
109187,0.0,0.0,0.0,0.0,0.0,1.0,0.0,0.0,0.0,0.0
109198,0.0,0.0,0.0,0.0,0.0,0.0,0.0,1.0,0.0,0.0
109234,0.0,0.0,0.0,0.0,0.0,1.0,0.0,0.0,0.0,0.0
109287,0.0,0.0,0.0,0.0,0.0,0.0,0.0,1.0,0.0,0.0
109308,0.0,0.0,0.0,0.0,0.0,0.0,0.0,1.0,0.0,0.0
109353,0.0,0.0,0.0,0.0,0.0,1.0,0.0,0.0,0.0,0.0
109426,0.0,0.0,0.0,0.0,0.0,0.0,0.0,0.0,1.0,0.0
109583,0.0,0.0,0.0,0.0,0.0,0.0,0.0,0.0,1.0,0.0
109585,0.0,0.0,0.0,0.0,0.0,0.0,1.0,0.0,0.0,0.0
109622,0.0,0.0,0.0,0.0,0.0,1.0,0.0,0.0,0.0,0.0
109626,0.0,0.0,0.0,0.0,0.0,0.0,0.0,1.0,0.0,0.0
109652,0.0,0.0,0.0,0.0,0.0,1.0,0.0,0.0,0.0,0.0
109697,0.0,0.0,1.0,0.0,0.0,0.0,0.0,0.0,0.0,0.0
109729,0.0,0.0,0.0,0.0,0.0,0.0,0.0,0.0,1.0,0.0
109783,0.0,0.0,0.0,0.0,0.0,1.0,0.0,0.0,0.0,0.0
109786,0.0,0.0,0.0,0.0,0.0,0.0,1.0,0.0,0.0,0.0
109905,0.0,0.0,0.0,0.0,0.0,1.0,0.0,0.0,0.0,0.0
109920,1.0,0.0,0.0,0.0,0.0,0.0,0.0,0.0,0.0,0.0
109960,0.0,0.0,0.0,0.0,0.0,0.0,1.0,0.0,0.0,0.0
110046,0.0,0.0,0.0,0.0,0.0,0.0,0.0,0.0,1.0,0.0
110063,0.0,0.0,0.0,0.0,0.0,0.0,1.0,0.0,0.0,0.0
110078,0.0,0.0,0.0,0.0,0.0,0.0,0.0,1.0,0.0,0.0
110201,0.0,0.0,0.0,0.0,0.0,0.0,0.0,0.0,1.0,0.0
110225,0.0,0.0,0.0,0.0,0.0,0.0,0.0,1.0,0.0,0.0
110300,0.0,0.0,0.0,0.0,0.0,0.0,1.0,0.0,0.0,0.0
110353,1.0,0.0,0.0,0.0,0.0,0.0,0.0,0.0,0.0,0.0
110377,0.0,0.0,0.0,0.0,0.0,0.0,0.0,1.0,0.0,0.0
110389,0.0,0.0,0.0,0.0,0.0,0.0,1.0,0.0,0.0,0.0
110488,0.0,0.0,0.0,1.0,0.0,0.0,0.0,0.0,0.0,0.0
110501,0.0,0.0,0.0,0.0,0.0,0.0,0.0,0.0,1.0,0.0
110580,0.0,0.0,0.0,0.0,0.0,0.0,0.0,1.0,0.0,0.0
110586,0.0,0.0,0.0,0.0,0.0,0.0,0.0,0.0,1.0,0.0
110604,0.0,0.0,1.0,0.0,0.0,0.0,0.0,0.0,0.0,0.0
110617,0.0,0.0,0.0,0.0,0.0,0.0,0.0,0.0,1.0,0.0
110624,0.0,0.0,0.0,0.0,0.0,0.0,1.0,0.0,0.0,0.0
110636,0.0,0.0,0.0,0.0,0.0,1.0,0.0,0.0,0.0,0.0
110727,0.0,0.0,0.0,0.0,0.0,0.0,0.0,1.0,0.0,0.0
110733,0.0,0.0,0.0,0.0,0.0,0.0,0.0,1.0,0.0,0.0
110751,0.0,0.0,0.0,0.0,0.0,0.0,0.0,0.0,1.0,0.0
110773,0.0,0.0,0.0,0.0,0.0,0.0,0.0,0.0,1.0,0.0
111006,0.0,1.0,0.0,0.0,0.0,0.0,0.0,0.0,0.0,0.0
111043,0.0,0.0,0.0,0.0,1.0,0.0,0.0,0.0,0.0,0.0
111067,0.0,0.0,0.0,0.0,0.0,0.0,1.0,0.0,0.0,0.0
111126,0.0,0.0,0.0,1.0,0.0,0.0,0.0,0.0,0.0,0.0
111270,0.0,0.0,0.0,0.0,0.0,0.0,0.0,0.0,1.0,0.0
111288,0.0,0.0,0.0,0.0,0.0,1.0,0.0,0.0,0.0,0.0
111293,0.0,0.0,0.0,0.0,0.0,1.0,0.0,0.0,0.0,0.0
111322,0.0,0.0,0.0,0.0,0.0,0.0,0.0,0.0,1.0,0.0
111383,0.0,0.0,0.0,0.0,0.0,1.0,0.0,0.0,0.0,0.0
111494,0.0,0.0,0.0,0.0,0.0,0.0,1.0,0.0,0.0,0.0
111660,1.0,0.0,0.0,0.0,0.0,0.0,0.0,0.0,0.0,0.0
111720,1.0,0.0,0.0,0.0,0.0,0.0,0.0,0.0,0.0,0.0
111833,0.0,0.0,0.0,0.0,0.0,0.0,0.0,0.0,1.0,0.0
111881,0.0,1.0,0.0,0.0,0.0,0.0,0.0,0.0,0.0,0.0
111898,0.0,0.0,0.0,0.0,0.0,0.0,1.0,0.0,0.0,0.0
111957,0.0,0.0,0.0,0.0,0.0,0.0,0.0,0.0,1.0,0.0
111971,0.0,0.0,0.0,0.0,0.0,0.0,0.0,0.0,1.0,0.0
112030,0.0,0.0,0.0,1.0,0.0,0.0,0.0,0.0,0.0,0.0
112080,0.0,0.0,0.0,0.0,0.0,1.0,0.0,0.0,0.0,0.0
112084,0.0,0.0,0.0,1.0,0.0,0.0,0.0,0.0,0.0,0.0
112105,0.0,0.0,0.0,0.0,0.0,0.0,0.0,1.0,0.0,0.0
112120,0.0,0.0,0.0,0.0,0.0,1.0,0.0,0.0,0.0,0.0
112235,0.0,0.0,0.0,0.0,0.0,0.0,0.0,0.0,1.0,0.0
112282,0.0,0.0,0.0,0.0,0.0,1.0,0.0,0.0,0.0,0.0
112293,0.0,0.0,0.0,0.0,0.0,0.0,1.0,0.0,0.0,0.0
112382,0.0,0.0,0.0,0.0,1.0,0.0,0.0,0.0,0.0,0.0
112437,0.0,0.0,0.0,0.0,0.0,0.0,0.0,1.0,0.0,0.0
112727,0.0,0.0,0.0,0.0,0.0,0.0,1.0,0.0,0.0,0.0
112788,1.0,0.0,0.0,0.0,0.0,0.0,0.0,0.0,0.0,0.0
112877,1.0,0.0,0.0,0.0,0.0,0.0,0.0,0.0,0.0,0.0
112989,0.0,0.0,0.0,0.0,0.0,0.0,0.0,0.0,1.0,0.0
113030,0.0,0.0,0.0,0.0,0.0,0.0,1.0,0.0,0.0,0.0
113085,0.0,0.0,0.0,0.0,0.0,0.0,0.0,0.0,1.0,0.0
113120,0.0,0.0,0.0,0.0,0.0,0.0,0.0,1.0,0.0,0.0
113123,0.0,0.0,0.0,1.0,0.0,0.0,0.0,0.0,0.0,0.0
113133,0.0,0.0,0.0,0.0,0.0,0.0,0.0,0.0,1.0,0.0
113155,0.0,0.0,0.0,0.0,0.0,0.0,0.0,1.0,0.0,0.0
113226,0.0,0.0,0.0,0.0,1.0,0.0,0.0,0.0,0.0,0.0
113229,0.0,1.0,0.0,0.0,0.0,0.0,0.0,0.0,0.0,0.0
113261,0.0,0.0,0.0,0.0,0.0,0.0,0.0,0.0,1.0,0.0
113310,0.0,0.0,0.0,0.0,0.0,0.0,0.0,0.0,1.0,0.0
113324,0.0,0.0,0.0,0.0,1.0,0.0,0.0,0.0,0.0,0.0
113334,0.0,0.0,0.0,0.0,0.0,0.0,0.0,0.0,1.0,0.0
113393,0.0,0.0,0.0,0.0,1.0,0.0,0.0,0.0,0.0,0.0
113450,0.0,0.0,0.0,0.0,0.0,0.0,0.0,1.0,0.0,0.0
113538,1.0,0.0,0.0,0.0,0.0,0.0,0.0,0.0,0.0,0.0
113646,0.0,0.0,0.0,0.0,0.0,0.0,1.0,0.0,0.0,0.0
113647,0.0,0.0,0.0,0.0,0.0,0.0,0.0,1.0,0.0,0.0
113679,0.0,0.0,0.0,1.0,0.0,0.0,0.0,0.0,0.0,0.0
113790,0.0,0.0,0.0,0.0,0.0,0.0,0.0,0.0,1.0,0.0
113854,0.0,0.0,0.0,0.0,0.0,0.0,0.0,1.0,0.0,0.0
113920,1.0,0.0,0.0,0.0,0.0,0.0,0.0,0.0,0.0,0.0
114045,0.0,0.0,0.0,0.0,0.0,0.0,0.0,1.0,0.0,0.0
114057,0.0,0.0,0.0,0.0,0.0,0.0,0.0,0.0,1.0,0.0
114086,0.0,1.0,0.0,0.0,0.0,0.0,0.0,0.0,0.0,0.0
114087,0.0,0.0,0.0,0.0,0.0,0.0,0.0,0.0,1.0,0.0
114094,0.0,1.0,0.0,0.0,0.0,0.0,0.0,0.0,0.0,0.0
114105,0.0,0.0,0.0,0.0,0.0,1.0,0.0,0.0,0.0,0.0
114113,0.0,0.0,0.0,0.0,0.0,1.0,0.0,0.0,0.0,0.0
114176,0.0,0.0,0.0,0.0,0.0,0.0,1.0,0.0,0.0,0.0
114236,0.0,0.0,0.0,0.0,0.0,0.0,0.0,0.0,1.0,0.0
114288,0.0,0.0,0.0,0.0,0.0,0.0,0.0,1.0,0.0,0.0
114381,0.0,0.0,0.0,0.0,0.0,0.0,0.0,1.0,0.0,0.0
114489,0.0,0.0,0.0,0.0,1.0,0.0,0.0,0.0,0.0,0.0
114602,0.0,0.0,0.0,0.0,0.0,0.0,0.0,0.0,1.0,0.0
114741,0.0,0.0,0.0,0.0,0.0,0.0,1.0,0.0,0.0,0.0
114984,0.0,0.0,0.0,0.0,0.0,0.0,0.0,1.0,0.0,0.0
115008,0.0,0.0,0.0,0.0,0.0,0.0,0.0,1.0,0.0,0.0
115093,0.0,0.0,0.0,0.0,0.0,1.0,0.0,0.0,0.0,0.0
115175,0.0,0.0,0.0,0.0,0.0,0.0,0.0,0.0,1.0,0.0
115255,0.0,0.0,0.0,0.0,0.0,0.0,0.0,1.0,0.0,0.0
115327,0.0,0.0,0.0,0.0,0.0,0.0,1.0,0.0,0.0,0.0
115539,0.0,0.0,0.0,0.0,0.0,1.0,0.0,0.0,0.0,0.0
115624,0.0,0.0,0.0,0.0,0.0,0.0,0.0,0.0,1.0,0.0
115688,0.0,0.0,0.0,0.0,0.0,0.0,0.0,0.0,1.0,0.0
115703,0.0,0.0,0.0,0.0,0.0,0.0,0.0,0.0,1.0,0.0
115821,0.0,0.0,0.0,0.0,0.0,0.0,0.0,0.0,1.0,0.0
116120,0.0,1.0,0.0,0.0,0.0,0.0,0.0,0.0,0.0,0.0
116253,0.0,0.0,0.0,0.0,0.0,0.0,0.0,0.0,1.0,0.0
116288,0.0,0.0,0.0,0.0,0.0,0.0,0.0,1.0,0.0,0.0
116325,0.0,0.0,0.0,0.0,0.0,0.0,0.0,1.0,0.0,0.0
116409,0.0,0.0,0.0,1.0,0.0,0.0,0.0,0.0,0.0,0.0
116555,0.0,0.0,1.0,0.0,0.0,0.0,0.0,0.0,0.0,0.0
116578,0.0,1.0,0.0,0.0,0.0,0.0,0.0,0.0,0.0,0.0
116630,0.0,0.0,0.0,0.0,0.0,0.0,0.0,0.0,1.0,0.0
116642,0.0,0.0,0.0,0.0,0.0,1.0,0.0,0.0,0.0,0.0
116657,0.0,0.0,0.0,1.0,0.0,0.0,0.0,0.0,0.0,0.0
116664,0.0,0.0,0.0,0.0,0.0,0.0,0.0,1.0,0.0,0.0
116676,0.0,0.0,0.0,0.0,0.0,0.0,0.0,1.0,0.0,0.0
116686,0.0,0.0,0.0,0.0,0.0,0.0,0.0,0.0,1.0,0.0
117310,0.0,0.0,1.0,0.0,0.0,0.0,0.0,0.0,0.0,0.0
117456,0.0,0.0,0.0,0.0,0.0,0.0,0.0,0.0,1.0,0.0
117460,0.0,0.0,0.0,0.0,0.0,0.0,0.0,0.0,1.0,0.0
117552,0.0,0.0,0.0,1.0,0.0,0.0,0.0,0.0,0.0,0.0
117710,0.0,0.0,0.0,1.0,0.0,0.0,0.0,0.0,0.0,0.0
117749,0.0,0.0,0.0,0.0,0.0,0.0,0.0,0.0,1.0,0.0
117764,1.0,0.0,0.0,0.0,0.0,0.0,0.0,0.0,0.0,0.0
117807,0.0,0.0,0.0,0.0,0.0,0.0,0.0,0.0,1.0,0.0
117811,0.0,0.0,0.0,0.0,0.0,0.0,0.0,1.0,0.0,0.0
117823,0.0,0.0,0.0,0.0,0.0,1.0,0.0,0.0,0.0,0.0
117949,0.0,0.0,0.0,0.0,0.0,0.0,0.0,0.0,1.0,0.0
117992,0.0,0.0,0.0,0.0,0.0,0.0,0.0,1.0,0.0,0.0
118005,0.0,0.0,0.0,0.0,0.0,0.0,1.0,0.0,0.0,0.0
118049,1.0,0.0,0.0,0.0,0.0,0.0,0.0,0.0,0.0,0.0
118204,0.0,0.0,0.0,0.0,0.0,0.0,0.0,1.0,0.0,0.0
118327,0.0,0.0,0.0,0.0,0.0,0.0,0.0,0.0,1.0,0.0
118362,0.0,0.0,0.0,0.0,0.0,0.0,0.0,1.0,0.0,0.0
118391,0.0,0.0,0.0,0.0,0.0,0.0,0.0,0.0,1.0,0.0
118429,0.0,0.0,0.0,0.0,0.0,1.0,0.0,0.0,0.0,0.0
118688,0.0,0.0,0.0,0.0,0.0,1.0,0.0,0.0,0.0,0.0
118788,0.0,0.0,0.0,0.0,0.0,0.0,0.0,1.0,0.0,0.0
118793,0.0,1.0,0.0,0.0,0.0,0.0,0.0,0.0,0.0,0.0
118800,0.0,1.0,0.0,0.0,0.0,0.0,0.0,0.0,0.0,0.0
118803,0.0,0.0,0.0,1.0,0.0,0.0,0.0,0.0,0.0,0.0
118875,0.0,0.0,0.0,0.0,0.0,0.0,1.0,0.0,0.0,0.0
119072,0.0,0.0,0.0,0.0,0.0,0.0,0.0,0.0,1.0,0.0
119283,0.0,0.0,0.0,0.0,0.0,0.0,0.0,0.0,1.0,0.0
119403,0.0,0.0,1.0,0.0,0.0,0.0,0.0,0.0,0.0,0.0
119488,0.0,0.0,0.0,0.0,0.0,0.0,0.0,0.0,1.0,0.0
119571,0.0,0.0,0.0,0.0,0.0,0.0,0.0,0.0,1.0,0.0
119595,0.0,0.0,0.0,1.0,0.0,0.0,0.0,0.0,0.0,0.0
119654,1.0,0.0,0.0,0.0,0.0,0.0,0.0,0.0,0.0,0.0
119675,0.0,0.0,0.0,0.0,0.0,0.0,1.0,0.0,0.0,0.0
119685,0.0,1.0,0.0,0.0,0.0,0.0,0.0,0.0,0.0,0.0
119721,1.0,0.0,0.0,0.0,0.0,0.0,0.0,0.0,0.0,0.0
119740,0.0,0.0,1.0,0.0,0.0,0.0,0.0,0.0,0.0,0.0
119782,1.0,0.0,0.0,0.0,0.0,0.0,0.0,0.0,0.0,0.0
119883,0.0,0.0,1.0,0.0,0.0,0.0,0.0,0.0,0.0,0.0
119947,1.0,0.0,0.0,0.0,0.0,0.0,0.0,0.0,0.0,0.0
119992,0.0,0.0,0.0,1.0,0.0,0.0,0.0,0.0,0.0,0.0
120045,0.0,0.0,0.0,0.0,1.0,0.0,0.0,0.0,0.0,0.0
120158,0.0,0.0,0.0,0.0,0.0,0.0,0.0,1.0,0.0,0.0
120189,0.0,0.0,0.0,0.0,0.0,1.0,0.0,0.0,0.0,0.0
120253,0.0,0.0,0.0,0.0,0.0,0.0,1.0,0.0,0.0,0.0
120371,0.0,1.0,0.0,0.0,0.0,0.0,0.0,0.0,0.0,0.0
120486,1.0,0.0,0.0,0.0,0.0,0.0,0.0,0.0,0.0,0.0
120577,0.0,0.0,0.0,0.0,0.0,0.0,0.0,0.0,1.0,0.0
120634,0.0,0.0,0.0,0.0,0.0,0.0,0.0,1.0,0.0,0.0
120652,1.0,0.0,0.0,0.0,0.0,0.0,0.0,0.0,0.0,0.0
120786,0.0,0.0,0.0,0.0,0.0,1.0,0.0,0.0,0.0,0.0
120843,1.0,0.0,0.0,0.0,0.0,0.0,0.0,0.0,0.0,0.0
120972,0.0,0.0,0.0,0.0,0.0,0.0,1.0,0.0,0.0,0.0
121089,0.0,0.0,0.0,0.0,0.0,0.0,0.0,1.0,0.0,0.0
121361,0.0,1.0,0.0,0.0,0.0,0.0,0.0,0.0,0.0,0.0
121419,0.0,0.0,0.0,0.0,0.0,0.0,0.0,1.0,0.0,0.0
121428,0.0,0.0,0.0,0.0,0.0,1.0,0.0,0.0,0.0,0.0
121472,0.0,0.0,0.0,0.0,0.0,0.0,0.0,1.0,0.0,0.0
121654,0.0,0.0,0.0,0.0,0.0,0.0,0.0,1.0,0.0,0.0
121702,0.0,0.0,0.0,0.0,0.0,0.0,0.0,1.0,0.0,0.0
122036,0.0,0.0,0.0,0.0,0.0,0.0,0.0,0.0,1.0,0.0
122063,0.0,0.0,0.0,0.0,0.0,1.0,0.0,0.0,0.0,0.0
122274,0.0,0.0,0.0,0.0,0.0,0.0,1.0,0.0,0.0,0.0
122321,0.0,0.0,0.0,0.0,1.0,0.0,0.0,0.0,0.0,0.0
122629,0.0,0.0,0.0,0.0,1.0,0.0,0.0,0.0,0.0,0.0
122754,0.0,0.0,1.0,0.0,0.0,0.0,0.0,0.0,0.0,0.0
122816,0.0,0.0,0.0,0.0,0.0,0.0,0.0,1.0,0.0,0.0
122950,0.0,0.0,1.0,0.0,0.0,0.0,0.0,0.0,0.0,0.0
123087,0.0,0.0,0.0,0.0,0.0,1.0,0.0,0.0,0.0,0.0
123247,0.0,0.0,0.0,0.0,0.0,0.0,0.0,1.0,0.0,0.0
123257,0.0,0.0,0.0,0.0,0.0,0.0,1.0,0.0,0.0,0.0
123398,0.0,0.0,0.0,0.0,1.0,0.0,0.0,0.0,0.0,0.0
123555,0.0,0.0,0.0,0.0,0.0,0.0,0.0,1.0,0.0,0.0
123567,0.0,0.0,0.0,0.0,0.0,0.0,1.0,0.0,0.0,0.0
123722,0.0,0.0,0.0,0.0,0.0,1.0,0.0,0.0,0.0,0.0
123896,0.0,0.0,0.0,0.0,0.0,0.0,1.0,0.0,0.0,0.0
123944,0.0,0.0,0.0,0.0,0.0,0.0,0.0,0.0,1.0,0.0
124080,0.0,0.0,0.0,0.0,0.0,0.0,0.0,0.0,1.0,0.0
124233,0.0,0.0,0.0,0.0,1.0,0.0,0.0,0.0,0.0,0.0
124344,0.0,0.0,0.0,1.0,0.0,0.0,0.0,0.0,0.0,0.0
124349,0.0,0.0,1.0,0.0,0.0,0.0,0.0,0.0,0.0,0.0
124517,0.0,0.0,1.0,0.0,0.0,0.0,0.0,0.0,0.0,0.0
124548,0.0,0.0,0.0,0.0,0.0,0.0,0.0,1.0,0.0,0.0
124612,0.0,0.0,0.0,0.0,0.0,0.0,0.0,1.0,0.0,0.0
124620,0.0,0.0,0.0,0.0,1.0,0.0,0.0,0.0,0.0,0.0
124682,0.0,0.0,0.0,0.0,0.0,0.0,0.0,1.0,0.0,0.0
124706,0.0,0.0,0.0,0.0,0.0,0.0,0.0,1.0,0.0,0.0
124858,0.0,0.0,0.0,0.0,0.0,0.0,0.0,0.0,1.0,0.0
124930,0.0,0.0,0.0,0.0,0.0,0.0,0.0,0.0,1.0,0.0
125105,0.0,0.0,0.0,0.0,0.0,0.0,0.0,1.0,0.0,0.0
125171,0.0,0.0,0.0,0.0,0.0,0.0,0.0,1.0,0.0,0.0
125204,0.0,0.0,0.0,0.0,0.0,0.0,0.0,0.0,1.0,0.0
125225,0.0,0.0,0.0,0.0,0.0,0.0,0.0,0.0,1.0,0.0
125452,0.0,0.0,0.0,0.0,0.0,0.0,0.0,0.0,1.0,0.0
125581,0.0,0.0,0.0,0.0,0.0,0.0,0.0,0.0,1.0,0.0
125776,0.0,1.0,0.0,0.0,0.0,0.0,0.0,0.0,0.0,0.0
125922,0.0,0.0,0.0,0.0,0.0,0.0,0.0,0.0,1.0,0.0
125991,0.0,0.0,0.0,0.0,0.0,0.0,0.0,0.0,1.0,0.0
126274,0.0,0.0,0.0,0.0,0.0,0.0,1.0,0.0,0.0,0.0
126349,0.0,0.0,0.0,1.0,0.0,0.0,0.0,0.0,0.0,0.0
126414,0.0,0.0,0.0,0.0,0.0,0.0,0.0,0.0,1.0,0.0
126558,0.0,0.0,0.0,0.0,0.0,1.0,0.0,0.0,0.0,0.0
126733,0.0,0.0,0.0,1.0,0.0,0.0,0.0,0.0,0.0,0.0
126853,1.0,0.0,0.0,0.0,0.0,0.0,0.0,0.0,0.0,0.0
127302,0.0,0.0,0.0,0.0,0.0,0.0,0.0,0.0,1.0,0.0
127351,0.0,0.0,0.0,0.0,0.0,0.0,0.0,0.0,1.0,0.0
127377,0.0,0.0,0.0,0.0,0.0,1.0,0.0,0.0,0.0,0.0
127406,0.0,1.0,0.0,0.0,0.0,0.0,0.0,0.0,0.0,0.0
127514,0.0,0.0,0.0,0.0,0.0,0.0,0.0,1.0,0.0,0.0
127583,0.0,0.0,0.0,0.0,0.0,0.0,1.0,0.0,0.0,0.0
127663,0.0,0.0,0.0,1.0,0.0,0.0,0.0,0.0,0.0,0.0
128107,0.0,0.0,0.0,0.0,0.0,1.0,0.0,0.0,0.0,0.0
128171,0.0,0.0,0.0,0.0,0.0,0.0,1.0,0.0,0.0,0.0
128179,0.0,0.0,0.0,0.0,0.0,0.0,0.0,1.0,0.0,0.0
128356,0.0,0.0,0.0,0.0,0.0,0.0,0.0,0.0,1.0,0.0
128398,0.0,0.0,0.0,0.0,0.0,0.0,0.0,0.0,1.0,0.0
128728,0.0,0.0,0.0,0.0,0.0,1.0,0.0,0.0,0.0,0.0
128797,0.0,0.0,0.0,0.0,0.0,0.0,0.0,1.0,0.0,0.0
128859,0.0,0.0,0.0,0.0,0.0,0.0,0.0,0.0,1.0,0.0
128977,0.0,0.0,0.0,0.0,0.0,0.0,1.0,0.0,0.0,0.0
129084,0.0,0.0,0.0,0.0,0.0,0.0,0.0,0.0,1.0,0.0
129101,0.0,0.0,0.0,0.0,0.0,0.0,0.0,1.0,0.0,0.0
129222,0.0,0.0,0.0,0.0,0.0,1.0,0.0,0.0,0.0,0.0
129236,0.0,0.0,0.0,1.0,0.0,0.0,0.0,0.0,0.0,0.0
129407,0.0,0.0,1.0,0.0,0.0,0.0,0.0,0.0,0.0,0.0
129509,0.0,0.0,0.0,0.0,0.0,1.0,0.0,0.0,0.0,0.0
129607,1.0,0.0,0.0,0.0,0.0,0.0,0.0,0.0,0.0,0.0
129672,0.0,0.0,0.0,0.0,0.0,1.0,0.0,0.0,0.0,0.0
129762,0.0,0.0,0.0,0.0,0.0,0.0,0.0,1.0,0.0,0.0
129814,0.0,0.0,0.0,0.0,0.0,1.0,0.0,0.0,0.0,0.0
129822,0.0,1.0,0.0,0.0,0.0,0.0,0.0,0.0,0.0,0.0
129990,0.0,0.0,0.0,0.0,0.0,0.0,0.0,0.0,1.0,0.0
130097,0.0,0.0,0.0,0.0,0.0,0.0,0.0,1.0,0.0,0.0
130268,0.0,0.0,0.0,0.0,0.0,0.0,0.0,1.0,0.0,0.0
130271,0.0,0.0,0.0,0.0,0.0,0.0,0.0,0.0,1.0,0.0
130297,1.0,0.0,0.0,0.0,0.0,0.0,0.0,0.0,0.0,0.0
130345,0.0,0.0,0.0,0.0,0.0,0.0,0.0,1.0,0.0,0.0
130360,0.0,0.0,0.0,1.0,0.0,0.0,0.0,0.0,0.0,0.0
130365,0.0,0.0,0.0,0.0,0.0,0.0,0.0,1.0,0.0,0.0
130440,0.0,0.0,0.0,0.0,0.0,0.0,0.0,1.0,0.0,0.0
130496,0.0,0.0,0.0,0.0,0.0,0.0,0.0,0.0,1.0,0.0
130613,0.0,0.0,0.0,0.0,0.0,0.0,0.0,1.0,0.0,0.0
130640,0.0,1.0,0.0,0.0,0.0,0.0,0.0,0.0,0.0,0.0
130671,0.0,0.0,0.0,1.0,0.0,0.0,0.0,0.0,0.0,0.0
130737,0.0,1.0,0.0,0.0,0.0,0.0,0.0,0.0,0.0,0.0
130811,0.0,0.0,0.0,0.0,0.0,0.0,0.0,1.0,0.0,0.0
130930,0.0,0.0,0.0,0.0,0.0,1.0,0.0,0.0,0.0,0.0
131368,0.0,0.0,0.0,0.0,0.0,1.0,0.0,0.0,0.0,0.0
131387,0.0,0.0,0.0,0.0,0.0,1.0,0.0,0.0,0.0,0.0
131453,0.0,0.0,0.0,0.0,0.0,0.0,0.0,1.0,0.0,0.0
131460,0.0,0.0,0.0,0.0,0.0,0.0,0.0,1.0,0.0,0.0
131741,0.0,0.0,0.0,0.0,0.0,0.0,0.0,1.0,0.0,0.0
131771,0.0,0.0,0.0,0.0,0.0,0.0,0.0,0.0,1.0,0.0
131902,0.0,0.0,0.0,0.0,0.0,0.0,0.0,1.0,0.0,0.0
131980,0.0,0.0,0.0,0.0,0.0,0.0,0.0,0.0,1.0,0.0
132105,0.0,0.0,0.0,0.0,0.0,0.0,0.0,0.0,1.0,0.0
132262,1.0,0.0,0.0,0.0,0.0,0.0,0.0,0.0,0.0,0.0
132263,1.0,0.0,0.0,0.0,0.0,0.0,0.0,0.0,0.0,0.0
132358,0.0,0.0,0.0,1.0,0.0,0.0,0.0,0.0,0.0,0.0
132526,0.0,1.0,0.0,0.0,0.0,0.0,0.0,0.0,0.0,0.0
132529,1.0,0.0,0.0,0.0,0.0,0.0,0.0,0.0,0.0,0.0
132567,0.0,0.0,0.0,0.0,0.0,0.0,1.0,0.0,0.0,0.0
132581,0.0,0.0,0.0,0.0,0.0,0.0,0.0,1.0,0.0,0.0
132849,0.0,0.0,0.0,0.0,0.0,0.0,0.0,1.0,0.0,0.0
133094,0.0,0.0,0.0,0.0,1.0,0.0,0.0,0.0,0.0,0.0
133122,0.0,0.0,0.0,0.0,0.0,1.0,0.0,0.0,0.0,0.0
133132,0.0,0.0,0.0,0.0,0.0,0.0,0.0,0.0,1.0,0.0
133418,0.0,0.0,0.0,0.0,0.0,0.0,0.0,1.0,0.0,0.0
133449,0.0,0.0,0.0,0.0,0.0,0.0,0.0,0.0,1.0,0.0
133469,0.0,0.0,0.0,0.0,0.0,0.0,0.0,0.0,1.0,0.0
133494,0.0,0.0,0.0,0.0,0.0,0.0,0.0,0.0,1.0,0.0
133512,0.0,1.0,0.0,0.0,0.0,0.0,0.0,0.0,0.0,0.0
133652,0.0,0.0,0.0,0.0,0.0,0.0,0.0,0.0,1.0,0.0
133665,0.0,0.0,0.0,0.0,0.0,0.0,0.0,0.0,1.0,0.0
133725,0.0,0.0,0.0,0.0,0.0,1.0,0.0,0.0,0.0,0.0
133732,0.0,0.0,0.0,0.0,0.0,0.0,0.0,1.0,0.0,0.0
133894,0.0,0.0,0.0,0.0,0.0,0.0,0.0,1.0,0.0,0.0
133919,0.0,0.0,0.0,0.0,0.0,0.0,0.0,1.0,0.0,0.0
133934,0.0,0.0,0.0,0.0,0.0,1.0,0.0,0.0,0.0,0.0
134013,0.0,0.0,0.0,0.0,0.0,0.0,0.0,0.0,1.0,0.0
134083,0.0,0.0,0.0,0.0,0.0,0.0,1.0,0.0,0.0,0.0
134123,0.0,0.0,0.0,0.0,0.0,0.0,0.0,0.0,1.0,0.0
134483,0.0,0.0,0.0,0.0,0.0,0.0,0.0,1.0,0.0,0.0
134629,0.0,0.0,0.0,1.0,0.0,0.0,0.0,0.0,0.0,0.0
134686,0.0,0.0,0.0,0.0,0.0,0.0,1.0,0.0,0.0,0.0
134700,0.0,0.0,0.0,0.0,0.0,0.0,0.0,1.0,0.0,0.0
134942,0.0,0.0,0.0,0.0,0.0,0.0,0.0,0.0,1.0,0.0
135175,0.0,0.0,0.0,0.0,0.0,0.0,0.0,0.0,1.0,0.0
135374,0.0,0.0,0.0,0.0,0.0,1.0,0.0,0.0,0.0,0.0
135659,0.0,1.0,0.0,0.0,0.0,0.0,0.0,0.0,0.0,0.0
135926,0.0,0.0,0.0,0.0,0.0,0.0,0.0,1.0,0.0,0.0
136047,1.0,0.0,0.0,0.0,0.0,0.0,0.0,0.0,0.0,0.0
138452,0.0,0.0,0.0,0.0,0.0,0.0,1.0,0.0,0.0,0.0
309,0.5,0.0,0.0,0.0,0.0,0.0,0.0,0.0,0.5,0.0
331,0.5,0.0,0.0,0.0,0.0,0.0,0.0,0.5,0.0,0.0
346,0.5,0.0,0.0,0.0,0.0,0.0,0.0,0.0,0.5,0.0
399,0.5,0.0,0.0,0.0,0.0,0.0,0.0,0.5,0.0,0.0
488,0.5,0.0,0.0,0.0,0.0,0.0,0.0,0.0,0.5,0.0
729,0.5,0.0,0.0,0.0,0.0,0.0,0.0,0.0,0.5,0.0
872,0.0,0.0,0.0,0.0,0.0,0.0,0.5,0.5,0.0,0.0
981,0.5,0.0,0.0,0.0,0.0,0.0,0.0,0.0,0.5,0.0
1124,0.0,0.5,0.0,0.0,0.5,0.0,0.0,0.0,0.0,0.0
1175,0.5,0.0,0.0,0.0,0.0,0.0,0.0,0.0,0.5,0.0
1224,0.5,0.0,0.0,0.0,0.0,0.0,0.0,0.5,0.0,0.0
1265,0.5,0.0,0.0,0.0,0.0,0.0,0.0,0.5,0.0,0.0
1801,0.0,0.0,0.0,0.5,0.0,0.5,0.0,0.0,0.0,0.0
1804,0.0,0.0,0.0,0.0,0.0,0.0,0.0,0.5,0.5,0.0
1815,0.0,0.0,0.0,0.0,0.0,0.0,0.5,0.5,0.0,0.0
1853,0.0,0.0,0.0,0.0,0.0,0.0,0.5,0.5,0.0,0.0
1874,0.0,0.0,0.0,0.0,0.0,0.0,0.0,0.5,0.5,0.0
1980,0.0,0.0,0.0,0.5,0.0,0.5,0.0,0.0,0.0,0.0
2039,0.5,0.0,0.0,0.0,0.0,0.0,0.0,0.0,0.5,0.0
2063,0.0,0.0,0.0,0.0,0.0,0.0,0.0,0.0,0.5,0.5
2248,0.0,0.0,0.0,0.5,0.0,0.5,0.0,0.0,0.0,0.0
2327,0.5,0.0,0.0,0.0,0.0,0.0,0.0,0.0,0.5,0.0
2862,0.0,0.0,0.0,0.0,0.0,0.0,0.5,0.5,0.0,0.0
3042,0.0,0.0,0.0,0.0,0.0,0.0,0.5,0.0,0.0,0.5
3379,0.0,0.0,0.0,0.0,0.0,0.0,0.5,0.0,0.5,0.0
3795,0.0,0.0,0.0,0.0,0.0,0.0,0.0,0.5,0.0,0.5
4013,0.5,0.0,0.0,0.0,0.0,0.0,0.0,0.0,0.5,0.0
4259,0.5,0.0,0.0,0.0,0.0,0.0,0.0,0.5,0.0,0.0
4275,0.5,0.0,0.0,0.0,0.0,0.0,0.0,0.0,0.5,0.0
4285,0.5,0.0,0.0,0.0,0.0,0.0,0.0,0.0,0.5,0.0
4291,0.0,0.0,0.0,0.0,0.0,0.0,0.5,0.5,0.0,0.0
4365,0.5,0.0,0.0,0.0,0.0,0.0,0.0,0.0,0.5,0.0
4390,0.0,0.0,0.0,0.0,0.0,0.0,0.0,0.5,0.5,0.0
4506,0.0,0.0,0.0,0.0,0.0,0.0,0.5,0.5,0.0,0.0
4575,0.5,0.0,0.0,0.0,0.0,0.0,0.0,0.0,0.5,0.0
4645,0.0,0.0,0.0,0.0,0.0,0.0,0.5,0.5,0.0,0.0
4801,0.5,0.0,0.0,0.0,0.0,0.0,0.0,0.0,0.5,0.0
5076,0.0,0.0,0.0,0.0,0.0,0.5,0.0,0.0,0.0,0.5
5179,0.5,0.0,0.0,0.0,0.0,0.0,0.0,0.0,0.5,0.0
5180,0.0,0.0,0.0,0.0,0.5,0.0,0.0,0.0,0.0,0.5
5318,0.0,0.0,0.0,0.0,0.0,0.0,0.5,0.5,0.0,0.0
5373,0.0,0.0,0.0,0.5,0.0,0.5,0.0,0.0,0.0,0.0
5400,0.0,0.0,0.0,0.0,0.0,0.0,0.0,0.5,0.0,0.5
5968,0.0,0.0,0.0,0.0,0.0,0.0,0.5,0.5,0.0,0.0
6114,0.0,0.0,0.0,0.0,0.0,0.0,0.5,0.5,0.0,0.0
6118,0.0,0.0,0.0,0.0,0.0,0.0,0.0,0.5,0.0,0.5
6660,0.5,0.0,0.0,0.0,0.0,0.0,0.0,0.5,0.0,0.0
6719,0.0,0.0,0.0,0.0,0.0,0.0,0.0,0.5,0.5,0.0
7183,0.0,0.0,0.0,0.0,0.0,0.5,0.0,0.0,0.0,0.5
7215,0.0,0.0,0.0,0.0,0.0,0.0,0.5,0.0,0.0,0.5
7361,0.0,0.0,0.0,0.0,0.0,0.0,0.0,0.5,0.0,0.5
7448,0.5,0.0,0.0,0.0,0.0,0.0,0.0,0.0,0.5,0.0
7501,0.0,0.0,0.0,0.0,0.0,0.0,0.0,0.5,0.0,0.5
7569,0.0,0.0,0.0,0.5,0.0,0.5,0.0,0.0,0.0,0.0
7574,0.0,0.0,0.0,0.0,0.0,0.0,0.5,0.0,0.0,0.5
7654,0.0,0.0,0.0,0.0,0.0,0.5,0.0,0.5,0.0,0.0
7724,0.0,0.0,0.0,0.5,0.0,0.0,0.5,0.0,0.0,0.0
7858,0.5,0.0,0.0,0.0,0.0,0.0,0.0,0.5,0.0,0.0
7948,0.0,0.0,0.0,0.0,0.0,0.0,0.0,0.5,0.0,0.5
8179,0.0,0.5,0.0,0.0,0.0,0.0,0.0,0.5,0.0,0.0
8192,0.0,0.0,0.0,0.0,0.0,0.0,0.0,0.5,0.0,0.5
8856,0.5,0.0,0.0,0.0,0.0,0.5,0.0,0.0,0.0,0.0
9114,0.5,0.0,0.0,0.0,0.0,0.0,0.0,0.0,0.5,0.0
9465,0.0,0.0,0.0,0.0,0.0,0.5,0.0,0.5,0.0,0.0
9470,0.0,0.0,0.0,0.0,0.0,0.0,0.5,0.0,0.0,0.5
10098,0.0,0.0,0.0,0.5,0.0,0.0,0.0,0.0,0.5,0.0
10466,0.0,0.0,0.0,0.0,0.0,0.5,0.0,0.0,0.0,0.5
10569,0.0,0.0,0.0,0.0,0.0,0.0,0.0,0.5,0.0,0.5
10647,0.0,0.0,0.0,0.0,0.0,0.0,0.0,0.5,0.0,0.5
10809,0.0,0.0,0.0,0.5,0.0,0.0,0.0,0.5,0.0,0.0
11086,0.0,0.0,0.0,0.0,0.0,0.0,0.0,0.5,0.5,0.0
11089,0.5,0.0,0.0,0.0,0.0,0.0,0.0,0.0,0.5,0.0
11123,0.0,0.0,0.0,0.0,0.0,0.5,0.0,0.5,0.0,0.0
11194,0.0,0.0,0.0,0.0,0.0,0.0,0.0,0.5,0.5,0.0
11298,0.0,0.0,0.0,0.5,0.0,0.5,0.0,0.0,0.0,0.0
11445,0.0,0.0,0.0,0.5,0.0,0.0,0.0,0.0,0.0,0.5
11736,0.5,0.0,0.0,0.0,0.0,0.0,0.0,0.0,0.5,0.0
11774,0.0,0.0,0.0,0.0,0.0,0.0,0.0,0.5,0.0,0.5
11826,0.5,0.0,0.0,0.0,0.0,0.0,0.0,0.0,0.5,0.0
11903,0.0,0.0,0.0,0.0,0.0,0.0,0.0,0.5,0.0,0.5
11972,0.0,0.0,0.0,0.5,0.0,0.0,0.5,0.0,0.0,0.0
12278,0.5,0.0,0.0,0.0,0.0,0.0,0.0,0.5,0.0,0.0
12507,0.0,0.0,0.0,0.0,0.0,0.5,0.5,0.0,0.0,0.0
12777,0.0,0.0,0.0,0.0,0.0,0.0,0.5,0.0,0.0,0.5
12848,0.0,0.0,0.0,0.0,0.0,0.0,0.5,0.0,0.5,0.0
12926,0.0,0.0,0.0,0.0,0.0,0.0,0.0,0.5,0.0,0.5
13041,0.5,0.0,0.0,0.0,0.0,0.0,0.0,0.0,0.5,0.0
13107,0.0,0.0,0.0,0.0,0.0,0.0,0.5,0.5,0.0,0.0
13139,0.5,0.0,0.0,0.0,0.0,0.0,0.0,0.0,0.5,0.0
13153,0.0,0.0,0.0,0.5,0.0,0.0,0.0,0.5,0.0,0.0
13209,0.0,0.5,0.0,0.0,0.0,0.0,0.0,0.5,0.0,0.0
13220,0.0,0.0,0.0,0.5,0.0,0.0,0.0,0.5,0.0,0.0
13473,0.0,0.0,0.0,0.5,0.0,0.5,0.0,0.0,0.0,0.0
14575,0.0,0.0,0.5,0.0,0.0,0.0,0.0,0.5,0.0,0.0
14614,0.5,0.0,0.0,0.0,0.0,0.0,0.0,0.5,0.0,0.0
14659,0.0,0.0,0.0,0.0,0.0,0.0,0.0,0.5,0.5,0.0
14706,0.0,0.0,0.0,0.0,0.0,0.0,0.0,0.5,0.0,0.5
14826,0.0,0.0,0.0,0.5,0.0,0.0,0.0,0.0,0.0,0.5
14856,0.5,0.0,0.0,0.0,0.0,0.0,0.0,0.5,0.0,0.0
14858,0.0,0.0,0.0,0.0,0.0,0.0,0.0,0.5,0.0,0.5
15087,0.0,0.0,0.0,0.0,0.0,0.0,0.0,0.5,0.0,0.5
15393,0.0,0.0,0.0,0.0,0.0,0.0,0.0,0.5,0.0,0.5
15486,0.0,0.0,0.0,0.0,0.0,0.5,0.0,0.0,0.0,0.5
15556,0.5,0.0,0.0,0.0,0.0,0.0,0.0,0.5,0.0,0.0
15765,0.0,0.0,0.0,0.0,0.0,0.0,0.5,0.5,0.0,0.0
15846,0.5,0.0,0.0,0.0,0.0,0.0,0.0,0.0,0.5,0.0
16372,0.0,0.0,0.0,0.5,0.0,0.5,0.0,0.0,0.0,0.0
16385,0.0,0.0,0.0,0.5,0.0,0.0,0.0,0.0,0.5,0.0
16479,0.0,0.0,0.0,0.0,0.0,0.5,0.0,0.0,0.0,0.5
16507,0.5,0.0,0.0,0.0,0.0,0.0,0.0,0.5,0.0,0.0
16775,0.0,0.0,0.0,0.0,0.0,0.0,0.0,0.5,0.5,0.0
16965,0.5,0.0,0.0,0.0,0.0,0.0,0.0,0.5,0.0,0.0
17563,0.0,0.0,0.0,0.0,0.0,0.0,0.5,0.5,0.0,0.0
18510,0.0,0.0,0.0,0.5,0.0,0.5,0.0,0.0,0.0,0.0
18540,0.5,0.0,0.0,0.0,0.0,0.0,0.0,0.5,0.0,0.0
18611,0.5,0.0,0.0,0.0,0.0,0.5,0.0,0.0,0.0,0.0
18779,0.0,0.0,0.0,0.5,0.0,0.0,0.0,0.5,0.0,0.0
18836,0.0,0.0,0.0,0.0,0.0,0.0,0.0,0.5,0.0,0.5
19018,0.0,0.5,0.0,0.0,0.0,0.0,0.0,0.0,0.0,0.5
19068,0.5,0.0,0.0,0.0,0.0,0.0,0.0,0.0,0.5,0.0
19291,0.5,0.0,0.0,0.0,0.0,0.0,0.0,0.0,0.5,0.0
19769,0.0,0.0,0.0,0.0,0.0,0.0,0.5,0.5,0.0,0.0
19808,0.5,0.0,0.0,0.0,0.0,0.0,0.0,0.0,0.5,0.0
19943,0.0,0.0,0.0,0.0,0.0,0.0,0.0,0.5,0.0,0.5
20557,0.0,0.0,0.0,0.5,0.0,0.5,0.0,0.0,0.0,0.0
20580,0.0,0.0,0.0,0.0,0.0,0.0,0.0,0.5,0.0,0.5
20819,0.0,0.0,0.0,0.0,0.0,0.0,0.5,0.0,0.5,0.0
21024,0.5,0.0,0.0,0.0,0.0,0.0,0.0,0.5,0.0,0.0
21322,0.5,0.0,0.0,0.0,0.0,0.0,0.0,0.5,0.0,0.0
21569,0.0,0.0,0.0,0.0,0.5,0.0,0.0,0.5,0.0,0.0
21793,0.0,0.0,0.0,0.0,0.0,0.0,0.5,0.0,0.0,0.5
21967,0.5,0.0,0.0,0.0,0.0,0.0,0.0,0.5,0.0,0.0
22204,0.0,0.0,0.0,0.0,0.0,0.0,0.5,0.5,0.0,0.0
22390,0.5,0.0,0.0,0.0,0.0,0.0,0.0,0.0,0.5,0.0
22508,0.0,0.0,0.0,0.0,0.0,0.0,0.0,0.5,0.5,0.0
22567,0.5,0.5,0.0,0.0,0.0,0.0,0.0,0.0,0.0,0.0
22702,0.0,0.0,0.0,0.5,0.0,0.5,0.0,0.0,0.0,0.0
23132,0.0,0.0,0.0,0.5,0.0,0.5,0.0,0.0,0.0,0.0
23279,0.5,0.0,0.0,0.0,0.0,0.0,0.0,0.5,0.0,0.0
24571,0.5,0.0,0.0,0.0,0.0,0.0,0.0,0.5,0.0,0.0
25246,0.0,0.5,0.0,0.0,0.0,0.0,0.0,0.0,0.0,0.5
25591,0.5,0.0,0.0,0.0,0.0,0.0,0.0,0.0,0.5,0.0
25614,0.5,0.0,0.0,0.0,0.0,0.0,0.0,0.0,0.5,0.0
25943,0.0,0.0,0.0,0.0,0.5,0.0,0.0,0.5,0.0,0.0
25966,0.0,0.0,0.0,0.0,0.0,0.0,0.0,0.5,0.0,0.5
26050,0.5,0.0,0.0,0.0,0.0,0.0,0.0,0.5,0.0,0.0
26128,0.5,0.0,0.0,0.0,0.0,0.0,0.0,0.0,0.5,0.0
26238,0.0,0.0,0.0,0.0,0.0,0.0,0.0,0.5,0.5,0.0
26484,0.0,0.0,0.0,0.5,0.0,0.0,0.0,0.0,0.0,0.5
26836,0.5,0.0,0.0,0.0,0.0,0.0,0.0,0.5,0.0,0.0
27084,0.0,0.0,0.0,0.0,0.0,0.0,0.0,0.5,0.0,0.5
27209,0.0,0.0,0.0,0.5,0.0,0.0,0.5,0.0,0.0,0.0
27657,0.5,0.0,0.0,0.0,0.0,0.0,0.0,0.0,0.5,0.0
27745,0.0,0.0,0.5,0.5,0.0,0.0,0.0,0.0,0.0,0.0
27789,0.0,0.0,0.0,0.0,0.0,0.0,0.0,0.5,0.0,0.5
28028,0.5,0.0,0.0,0.0,0.0,0.0,0.0,0.5,0.0,0.0
28050,0.0,0.0,0.0,0.5,0.0,0.0,0.0,0.5,0.0,0.0
28052,0.5,0.0,0.0,0.0,0.0,0.0,0.0,0.5,0.0,0.0
28237,0.0,0.0,0.0,0.0,0.0,0.0,0.0,0.0,0.5,0.5
28269,0.0,0.0,0.0,0.0,0.0,0.0,0.5,0.5,0.0,0.0
28584,0.0,0.0,0.0,0.5,0.0,0.0,0.0,0.0,0.0,0.5
28603,0.5,0.0,0.0,0.0,0.0,0.0,0.0,0.5,0.0,0.0
28766,0.5,0.0,0.0,0.0,0.0,0.0,0.0,0.5,0.0,0.0
29259,0.5,0.0,0.0,0.0,0.0,0.0,0.0,0.5,0.0,0.0
29649,0.5,0.0,0.0,0.0,0.0,0.0,0.0,0.5,0.0,0.0
29891,0.0,0.5,0.0,0.0,0.0,0.5,0.0,0.0,0.0,0.0
30158,0.5,0.0,0.0,0.0,0.0,0.0,0.0,0.5,0.0,0.0
30346,0.0,0.0,0.0,0.0,0.0,0.0,0.0,0.0,0.5,0.5
30546,0.5,0.0,0.0,0.0,0.0,0.0,0.0,0.5,0.0,0.0
30653,0.0,0.0,0.0,0.0,0.0,0.0,0.0,0.5,0.0,0.5
30826,0.0,0.0,0.0,0.5,0.0,0.0,0.0,0.5,0.0,0.0
31131,0.0,0.0,0.0,0.0,0.5,0.0,0.0,0.5,0.0,0.0
31309,0.0,0.0,0.0,0.0,0.0,0.0,0.0,0.5,0.5,0.0
31388,0.0,0.0,0.0,0.0,0.0,0.0,0.5,0.5,0.0,0.0
31415,0.5,0.0,0.0,0.0,0.0,0.0,0.0,0.0,0.5,0.0
31482,0.0,0.0,0.0,0.0,0.0,0.0,0.0,0.5,0.0,0.5
31574,0.0,0.5,0.0,0.0,0.0,0.0,0.0,0.5,0.0,0.0
31910,0.0,0.0,0.0,0.0,0.0,0.0,0.0,0.5,0.0,0.5
31916,0.0,0.0,0.0,0.5,0.0,0.0,0.0,0.0,0.5,0.0
32061,0.5,0.0,0.0,0.0,0.0,0.0,0.0,0.0,0.5,0.0
32381,0.5,0.0,0.0,0.0,0.0,0.0,0.0,0.5,0.0,0.0
32625,0.5,0.0,0.0,0.0,0.0,0.0,0.0,0.5,0.0,0.0
32704,0.0,0.0,0.0,0.5,0.0,0.0,0.0,0.5,0.0,0.0
32749,0.5,0.0,0.0,0.0,0.0,0.0,0.0,0.0,0.0,0.5
33058,0.5,0.0,0.0,0.0,0.0,0.0,0.0,0.0,0.5,0.0
33158,0.0,0.0,0.0,0.0,0.5,0.0,0.0,0.0,0.0,0.5
33181,0.0,0.0,0.0,0.0,0.0,0.0,0.0,0.5,0.0,0.5
33212,0.5,0.0,0.0,0.0,0.0,0.0,0.0,0.5,0.0,0.0
33295,0.0,0.0,0.5,0.0,0.0,0.0,0.0,0.0,0.0,0.5
33486,0.0,0.0,0.0,0.0,0.0,0.5,0.0,0.5,0.0,0.0
33641,0.5,0.0,0.0,0.5,0.0,0.0,0.0,0.0,0.0,0.0
33950,0.5,0.0,0.0,0.0,0.0,0.0,0.0,0.0,0.5,0.0
34181,0.0,0.0,0.0,0.0,0.0,0.0,0.0,0.5,0.0,0.5
34275,0.0,0.0,0.0,0.0,0.0,0.0,0.5,0.5,0.0,0.0
34280,0.5,0.0,0.0,0.0,0.0,0.0,0.0,0.0,0.5,0.0
34349,0.5,0.0,0.0,0.0,0.0,0.0,0.0,0.5,0.0,0.0
34354,0.0,0.0,0.0,0.0,0.5,0.0,0.0,0.5,0.0,0.0
34421,0.5,0.0,0.0,0.0,0.0,0.0,0.0,0.5,0.0,0.0
34676,0.5,0.0,0.0,0.0,0.0,0.0,0.0,0.5,0.0,0.0
35359,0.0,0.0,0.0,0.5,0.0,0.0,0.0,0.5,0.0,0.0
35448,0.0,0.0,0.0,0.0,0.0,0.5,0.5,0.0,0.0,0.0
35588,0.0,0.5,0.0,0.0,0.0,0.0,0.0,0.0,0.0,0.5
36202,0.0,0.0,0.0,0.5,0.0,0.5,0.0,0.0,0.0,0.0
36495,0.0,0.0,0.0,0.5,0.0,0.0,0.0,0.5,0.0,0.0
36639,0.0,0.0,0.0,0.5,0.0,0.0,0.5,0.0,0.0,0.0
36686,0.0,0.0,0.0,0.0,0.5,0.0,0.0,0.5,0.0,0.0
36747,0.5,0.0,0.0,0.0,0.0,0.0,0.0,0.5,0.0,0.0
36761,0.0,0.0,0.0,0.5,0.0,0.5,0.0,0.0,0.0,0.0
37355,0.0,0.0,0.0,0.0,0.0,0.0,0.5,0.5,0.0,0.0
37535,0.5,0.0,0.0,0.0,0.0,0.0,0.0,0.0,0.5,0.0
37731,0.5,0.0,0.0,0.0,0.0,0.0,0.0,0.0,0.5,0.0
37753,0.5,0.0,0.0,0.0,0.0,0.0,0.0,0.0,0.5,0.0
37924,0.5,0.0,0.0,0.0,0.0,0.0,0.5,0.0,0.0,0.0
38083,0.5,0.0,0.0,0.0,0.0,0.0,0.0,0.0,0.5,0.0
38321,0.0,0.0,0.0,0.5,0.0,0.0,0.0,0.0,0.5,0.0
38719,0.5,0.0,0.0,0.5,0.0,0.0,0.0,0.0,0.0,0.0
38758,0.5,0.0,0.0,0.0,0.0,0.0,0.0,0.5,0.0,0.0
38825,0.5,0.0,0.0,0.0,0.0,0.0,0.0,0.5,0.0,0.0
39297,0.5,0.0,0.0,0.0,0.0,0.5,0.0,0.0,0.0,0.0
39301,0.5,0.0,0.0,0.0,0.0,0.0,0.0,0.0,0.5,0.0
39326,0.5,0.0,0.0,0.0,0.0,0.0,0.0,0.0,0.5,0.0
39370,0.0,0.0,0.0,0.5,0.0,0.0,0.0,0.5,0.0,0.0
39384,0.5,0.0,0.0,0.0,0.0,0.0,0.0,0.0,0.5,0.0
39735,0.5,0.0,0.0,0.0,0.0,0.0,0.0,0.5,0.0,0.0
39833,0.0,0.0,0.0,0.0,0.0,0.0,0.5,0.5,0.0,0.0
39887,0.0,0.0,0.0,0.0,0.0,0.0,0.5,0.5,0.0,0.0
40134,0.5,0.0,0.0,0.0,0.0,0.0,0.0,0.0,0.5,0.0
40204,0.5,0.0,0.0,0.0,0.0,0.0,0.0,0.0,0.5,0.0
40279,0.0,0.0,0.0,0.0,0.0,0.0,0.5,0.0,0.0,0.5
40355,0.0,0.5,0.0,0.0,0.0,0.0,0.0,0.0,0.0,0.5
40452,0.0,0.0,0.0,0.0,0.5,0.0,0.0,0.5,0.0,0.0
40491,0.0,0.0,0.0,0.5,0.0,0.0,0.0,0.5,0.0,0.0
40744,0.5,0.0,0.0,0.0,0.0,0.0,0.0,0.0,0.5,0.0
40940,0.0,0.0,0.0,0.0,0.0,0.0,0.0,0.5,0.5,0.0
41033,0.0,0.0,0.0,0.0,0.0,0.0,0.5,0.5,0.0,0.0
41130,0.5,0.0,0.0,0.0,0.0,0.0,0.0,0.0,0.5,0.0
41214,0.0,0.0,0.0,0.0,0.0,0.0,0.0,0.5,0.5,0.0
41325,0.5,0.0,0.0,0.0,0.0,0.0,0.0,0.0,0.0,0.5
41443,0.0,0.0,0.0,0.5,0.0,0.0,0.0,0.0,0.0,0.5
41468,0.0,0.0,0.0,0.5,0.0,0.5,0.0,0.0,0.0,0.0
41781,0.5,0.0,0.0,0.0,0.0,0.0,0.0,0.0,0.5,0.0
42199,0.0,0.0,0.0,0.5,0.0,0.0,0.0,0.5,0.0,0.0
42351,0.5,0.0,0.0,0.0,0.0,0.5,0.0,0.0,0.0,0.0
42382,0.0,0.0,0.0,0.0,0.0,0.0,0.0,0.5,0.5,0.0
42429,0.5,0.0,0.0,0.0,0.0,0.0,0.0,0.5,0.0,0.0
42501,0.0,0.5,0.0,0.0,0.0,0.0,0.0,0.5,0.0,0.0
42588,0.0,0.0,0.0,0.0,0.0,0.0,0.0,0.5,0.0,0.5
42927,0.0,0.0,0.0,0.0,0.0,0.0,0.0,0.5,0.5,0.0
43825,0.5,0.0,0.0,0.0,0.0,0.0,0.0,0.0,0.5,0.0
44156,0.0,0.0,0.0,0.0,0.0,0.5,0.0,0.0,0.5,0.0
44199,0.5,0.0,0.0,0.0,0.0,0.0,0.0,0.0,0.5,0.0
44391,0.0,0.0,0.0,0.0,0.0,0.0,0.0,0.5,0.5,0.0
45158,0.0,0.0,0.0,0.0,0.0,0.0,0.0,0.5,0.0,0.5
45473,0.5,0.0,0.0,0.0,0.0,0.0,0.0,0.5,0.0,0.0
45633,0.5,0.0,0.0,0.0,0.0,0.0,0.0,0.5,0.0,0.0
45708,0.0,0.0,0.0,0.0,0.0,0.0,0.0,0.5,0.0,0.5
45798,0.0,0.0,0.0,0.5,0.0,0.0,0.0,0.0,0.5,0.0
46449,0.0,0.0,0.0,0.5,0.0,0.5,0.0,0.0,0.0,0.0
46459,0.5,0.0,0.0,0.0,0.0,0.0,0.0,0.5,0.0,0.0
46479,0.5,0.0,0.0,0.0,0.0,0.0,0.0,0.5,0.0,0.0
46532,0.5,0.0,0.0,0.0,0.0,0.0,0.0,0.5,0.0,0.0
46574,0.5,0.0,0.0,0.0,0.0,0.0,0.0,0.0,0.5,0.0
46615,0.0,0.0,0.0,0.5,0.0,0.5,0.0,0.0,0.0,0.0
46857,0.0,0.0,0.0,0.0,0.0,0.0,0.5,0.5,0.0,0.0
47050,0.0,0.0,0.0,0.0,0.0,0.0,0.5,0.5,0.0,0.0
47099,0.5,0.0,0.0,0.0,0.0,0.0,0.0,0.0,0.5,0.0
47133,0.5,0.0,0.0,0.0,0.0,0.0,0.0,0.0,0.5,0.0
47680,0.0,0.0,0.0,0.5,0.0,0.0,0.0,0.5,0.0,0.0
47778,0.0,0.0,0.0,0.0,0.0,0.0,0.0,0.5,0.0,0.5
47918,0.0,0.0,0.0,0.0,0.0,0.0,0.0,0.5,0.5,0.0
48012,0.0,0.0,0.0,0.0,0.0,0.5,0.5,0.0,0.0,0.0
48320,0.0,0.0,0.0,0.5,0.0,0.0,0.0,0.0,0.0,0.5
48325,0.0,0.5,0.0,0.0,0.0,0.0,0.0,0.0,0.0,0.5
48347,0.0,0.0,0.0,0.0,0.0,0.0,0.0,0.5,0.0,0.5
48366,0.0,0.0,0.0,0.0,0.0,0.0,0.0,0.5,0.0,0.5
49046,0.0,0.0,0.0,0.0,0.0,0.0,0.0,0.5,0.5,0.0
49510,0.0,0.0,0.0,0.0,0.0,0.0,0.0,0.5,0.0,0.5
49536,0.0,0.0,0.0,0.0,0.0,0.0,0.5,0.0,0.5,0.0
49603,0.5,0.0,0.0,0.0,0.0,0.0,0.0,0.5,0.0,0.0
49661,0.5,0.0,0.0,0.0,0.0,0.0,0.5,0.0,0.0,0.0
49705,0.0,0.0,0.0,0.0,0.0,0.5,0.0,0.5,0.0,0.0
49722,0.0,0.0,0.0,0.5,0.0,0.0,0.5,0.0,0.0,0.0
49968,0.0,0.0,0.0,0.5,0.0,0.5,0.0,0.0,0.0,0.0
50189,0.0,0.0,0.0,0.0,0.0,0.0,0.5,0.5,0.0,0.0
50358,0.5,0.0,0.0,0.0,0.0,0.0,0.0,0.0,0.5,0.0
50706,0.5,0.0,0.0,0.0,0.0,0.0,0.0,0.0,0.5,0.0
50756,0.5,0.0,0.0,0.0,0.0,0.0,0.0,0.0,0.5,0.0
50773,0.0,0.0,0.0,0.0,0.0,0.0,0.0,0.5,0.0,0.5
50920,0.5,0.0,0.0,0.0,0.0,0.0,0.0,0.5,0.0,0.0
51059,0.0,0.0,0.0,0.0,0.0,0.0,0.0,0.5,0.0,0.5
51076,0.5,0.0,0.0,0.0,0.0,0.0,0.0,0.0,0.5,0.0
51165,0.5,0.0,0.0,0.0,0.0,0.0,0.0,0.5,0.0,0.0
51236,0.5,0.0,0.0,0.0,0.0,0.0,0.0,0.0,0.5,0.0
51245,0.5,0.0,0.0,0.0,0.0,0.0,0.0,0.0,0.5,0.0
51283,0.5,0.0,0.0,0.0,0.0,0.0,0.0,0.0,0.5,0.0
51357,0.5,0.0,0.0,0.0,0.0,0.0,0.0,0.0,0.5,0.0
51566,0.0,0.0,0.0,0.0,0.0,0.0,0.0,0.5,0.0,0.5
52047,0.5,0.0,0.0,0.0,0.0,0.0,0.0,0.0,0.5,0.0
52272,0.0,0.0,0.0,0.0,0.0,0.0,0.5,0.5,0.0,0.0
52339,0.0,0.0,0.0,0.0,0.0,0.0,0.5,0.0,0.0,0.5
52816,0.0,0.0,0.0,0.0,0.0,0.0,0.0,0.5,0.0,0.5
53461,0.0,0.0,0.0,0.0,0.0,0.0,0.0,0.5,0.0,0.5
54098,0.5,0.0,0.0,0.0,0.0,0.0,0.0,0.0,0.5,0.0
54434,0.0,0.0,0.0,0.0,0.0,0.0,0.5,0.5,0.0,0.0
54586,0.5,0.0,0.0,0.0,0.0,0.0,0.0,0.0,0.5,0.0
54686,0.0,0.0,0.0,0.5,0.0,0.5,0.0,0.0,0.0,0.0
54729,0.0,0.0,0.0,0.0,0.0,0.0,0.5,0.0,0.0,0.5
54857,0.0,0.0,0.0,0.5,0.0,0.0,0.0,0.5,0.0,0.0
54981,0.5,0.0,0.0,0.0,0.0,0.0,0.0,0.0,0.5,0.0
55102,0.0,0.0,0.0,0.0,0.0,0.0,0.0,0.5,0.5,0.0
55221,0.0,0.0,0.0,0.0,0.0,0.0,0.0,0.5,0.5,0.0
55251,0.0,0.0,0.0,0.0,0.0,0.0,0.0,0.0,0.5,0.5
55265,0.0,0.0,0.0,0.0,0.0,0.0,0.5,0.0,0.0,0.5
55306,0.5,0.0,0.0,0.0,0.0,0.0,0.0,0.0,0.5,0.0
55396,0.0,0.0,0.0,0.0,0.0,0.0,0.5,0.5,0.0,0.0
55402,0.5,0.0,0.0,0.0,0.0,0.0,0.0,0.5,0.0,0.0
55538,0.5,0.0,0.0,0.0,0.0,0.0,0.0,0.5,0.0,0.0
55556,0.5,0.0,0.0,0.0,0.0,0.5,0.0,0.0,0.0,0.0
55648,0.5,0.0,0.0,0.0,0.0,0.0,0.0,0.0,0.5,0.0
55684,0.5,0.0,0.0,0.0,0.0,0.0,0.0,0.0,0.5,0.0
55950,0.0,0.0,0.0,0.0,0.5,0.0,0.0,0.5,0.0,0.0
56093,0.5,0.0,0.0,0.0,0.0,0.0,0.0,0.0,0.5,0.0
56320,0.0,0.0,0.0,0.5,0.0,0.0,0.0,0.0,0.0,0.5
56728,0.0,0.0,0.0,0.0,0.5,0.0,0.0,0.5,0.0,0.0
56892,0.0,0.0,0.0,0.0,0.0,0.0,0.0,0.5,0.0,0.5
56965,0.0,0.0,0.0,0.5,0.0,0.5,0.0,0.0,0.0,0.0
56990,0.0,0.0,0.0,0.0,0.0,0.0,0.0,0.5,0.0,0.5
57036,0.5,0.0,0.0,0.0,0.0,0.0,0.0,0.5,0.0,0.0
57039,0.5,0.0,0.0,0.0,0.0,0.5,0.0,0.0,0.0,0.0
57061,0.0,0.0,0.0,0.5,0.0,0.0,0.0,0.0,0.5,0.0
57069,0.5,0.0,0.0,0.5,0.0,0.0,0.0,0.0,0.0,0.0
57192,0.5,0.0,0.0,0.0,0.0,0.0,0.0,0.0,0.5,0.0
57217,0.5,0.0,0.0,0.0,0.0,0.5,0.0,0.0,0.0,0.0
57260,0.5,0.0,0.0,0.0,0.0,0.0,0.0,0.5,0.0,0.0
57391,0.0,0.0,0.0,0.5,0.0,0.5,0.0,0.0,0.0,0.0
57887,0.0,0.0,0.0,0.0,0.0,0.0,0.0,0.5,0.0,0.5
57998,0.5,0.0,0.0,0.0,0.0,0.0,0.0,0.0,0.5,0.0
58052,0.0,0.0,0.0,0.5,0.0,0.5,0.0,0.0,0.0,0.0
58359,0.0,0.0,0.0,0.0,0.0,0.0,0.5,0.0,0.0,0.5
58511,0.5,0.0,0.0,0.0,0.0,0.0,0.0,0.5,0.0,0.0
58787,0.5,0.0,0.0,0.0,0.0,0.5,0.0,0.0,0.0,0.0
58825,0.0,0.0,0.0,0.5,0.0,0.5,0.0,0.0,0.0,0.0
59270,0.5,0.0,0.0,0.0,0.0,0.0,0.0,0.5,0.0,0.0
59376,0.5,0.0,0.0,0.0,0.0,0.0,0.0,0.0,0.5,0.0
59510,0.0,0.0,0.0,0.0,0.0,0.0,0.5,0.5,0.0,0.0
59642,0.0,0.0,0.0,0.5,0.0,0.0,0.0,0.5,0.0,0.0
59790,0.5,0.0,0.0,0.0,0.0,0.5,0.0,0.0,0.0,0.0
59833,0.5,0.0,0.0,0.0,0.0,0.0,0.0,0.5,0.0,0.0
59896,0.0,0.0,0.0,0.5,0.0,0.0,0.0,0.5,0.0,0.0
60018,0.0,0.0,0.0,0.0,0.0,0.0,0.5,0.5,0.0,0.0
60302,0.5,0.0,0.0,0.0,0.0,0.0,0.0,0.5,0.0,0.0
60434,0.5,0.0,0.0,0.0,0.0,0.0,0.0,0.0,0.5,0.0
60605,0.5,0.0,0.0,0.0,0.0,0.0,0.5,0.0,0.0,0.0
60674,0.0,0.0,0.0,0.0,0.0,0.5,0.0,0.0,0.0,0.5
60693,0.0,0.0,0.0,0.0,0.0,0.0,0.5,0.5,0.0,0.0
60717,0.5,0.0,0.0,0.0,0.0,0.0,0.0,0.0,0.5,0.0
60852,0.0,0.0,0.0,0.5,0.0,0.0,0.0,0.5,0.0,0.0
61101,0.5,0.0,0.0,0.0,0.0,0.0,0.0,0.5,0.0,0.0
61278,0.0,0.0,0.0,0.0,0.0,0.0,0.5,0.0,0.5,0.0
61409,0.0,0.0,0.0,0.0,0.0,0.0,0.5,0.5,0.0,0.0
61524,0.0,0.0,0.0,0.0,0.0,0.0,0.5,0.5,0.0,0.0
61916,0.5,0.0,0.0,0.0,0.0,0.0,0.0,0.0,0.5,0.0
61919,0.0,0.0,0.0,0.0,0.0,0.5,0.0,0.0,0.0,0.5
62146,0.5,0.0,0.0,0.0,0.0,0.0,0.0,0.5,0.0,0.0
62295,0.0,0.0,0.0,0.0,0.0,0.0,0.5,0.5,0.0,0.0
62354,0.0,0.0,0.0,0.5,0.0,0.5,0.0,0.0,0.0,0.0
62421,0.5,0.0,0.0,0.0,0.0,0.0,0.0,0.0,0.5,0.0
62471,0.0,0.0,0.0,0.5,0.0,0.0,0.0,0.5,0.0,0.0
63090,0.5,0.0,0.0,0.0,0.0,0.0,0.0,0.5,0.0,0.0
63141,0.0,0.0,0.0,0.0,0.0,0.0,0.5,0.5,0.0,0.0
63444,0.0,0.0,0.0,0.5,0.0,0.5,0.0,0.0,0.0,0.0
63455,0.0,0.0,0.0,0.0,0.0,0.0,0.0,0.5,0.0,0.5
63460,0.5,0.0,0.0,0.0,0.0,0.0,0.0,0.5,0.0,0.0
63586,0.5,0.5,0.0,0.0,0.0,0.0,0.0,0.0,0.0,0.0
63712,0.5,0.0,0.0,0.0,0.0,0.0,0.0,0.0,0.5,0.0
63753,0.0,0.0,0.0,0.0,0.0,0.0,0.0,0.0,0.5,0.5
64018,0.5,0.0,0.0,0.0,0.0,0.5,0.0,0.0,0.0,0.0
64219,0.5,0.0,0.0,0.0,0.0,0.0,0.0,0.5,0.0,0.0
64302,0.0,0.0,0.0,0.0,0.0,0.5,0.5,0.0,0.0,0.0
64442,0.5,0.0,0.0,0.0,0.0,0.0,0.0,0.0,0.5,0.0
64633,0.0,0.0,0.0,0.0,0.0,0.0,0.5,0.0,0.0,0.5
64914,0.5,0.0,0.0,0.0,0.0,0.0,0.0,0.5,0.0,0.0
65098,0.0,0.0,0.0,0.5,0.0,0.0,0.0,0.5,0.0,0.0
65238,0.0,0.0,0.0,0.0,0.0,0.0,0.0,0.5,0.0,0.5
65308,0.0,0.0,0.5,0.5,0.0,0.0,0.0,0.0,0.0,0.0
66219,0.5,0.0,0.0,0.0,0.0,0.0,0.0,0.5,0.0,0.0
66776,0.0,0.0,0.0,0.0,0.0,0.0,0.5,0.5,0.0,0.0
66779,0.0,0.0,0.0,0.0,0.0,0.0,0.5,0.5,0.0,0.0
67059,0.0,0.0,0.0,0.0,0.5,0.0,0.0,0.5,0.0,0.0
67064,0.5,0.0,0.0,0.0,0.0,0.0,0.0,0.0,0.5,0.0
67151,0.5,0.0,0.0,0.0,0.0,0.0,0.0,0.5,0.0,0.0
67752,0.0,0.0,0.0,0.0,0.0,0.0,0.5,0.5,0.0,0.0
67950,0.5,0.0,0.0,0.0,0.0,0.0,0.0,0.0,0.5,0.0
68005,0.0,0.0,0.0,0.0,0.0,0.0,0.5,0.0,0.0,0.5
68140,0.5,0.0,0.0,0.0,0.0,0.0,0.0,0.5,0.0,0.0
68478,0.0,0.0,0.0,0.0,0.0,0.0,0.5,0.5,0.0,0.0
68895,0.5,0.0,0.0,0.0,0.0,0.0,0.0,0.0,0.5,0.0
69339,0.0,0.0,0.5,0.0,0.0,0.0,0.0,0.0,0.0,0.5
69452,0.5,0.0,0.0,0.0,0.0,0.0,0.0,0.5,0.0,0.0
69831,0.0,0.0,0.0,0.0,0.0,0.0,0.0,0.0,0.5,0.5
69932,0.0,0.0,0.0,0.0,0.0,0.0,0.5,0.0,0.0,0.5
70267,0.0,0.0,0.0,0.0,0.0,0.0,0.0,0.5,0.0,0.5
70413,0.0,0.0,0.0,0.0,0.0,0.0,0.0,0.5,0.0,0.5
70454,0.5,0.0,0.0,0.0,0.0,0.0,0.0,0.5,0.0,0.0
70616,0.5,0.0,0.0,0.0,0.0,0.0,0.0,0.0,0.5,0.0
70698,0.5,0.0,0.0,0.0,0.0,0.0,0.0,0.0,0.5,0.0
70794,0.0,0.0,0.0,0.5,0.0,0.0,0.0,0.0,0.0,0.5
70862,0.0,0.0,0.0,0.5,0.0,0.0,0.5,0.0,0.0,0.0
70942,0.5,0.0,0.0,0.0,0.0,0.0,0.0,0.0,0.5,0.0
70996,0.0,0.0,0.0,0.0,0.0,0.0,0.5,0.5,0.0,0.0
71198,0.0,0.0,0.0,0.0,0.0,0.5,0.0,0.5,0.0,0.0
71342,0.0,0.0,0.0,0.0,0.0,0.0,0.5,0.5,0.0,0.0
71382,0.5,0.0,0.0,0.0,0.0,0.0,0.0,0.0,0.5,0.0
71614,0.0,0.0,0.0,0.0,0.0,0.0,0.0,0.5,0.5,0.0
71652,0.0,0.0,0.0,0.0,0.0,0.0,0.0,0.5,0.0,0.5
71674,0.0,0.0,0.0,0.0,0.0,0.5,0.0,0.5,0.0,0.0
71795,0.0,0.0,0.0,0.0,0.0,0.0,0.5,0.5,0.0,0.0
71972,0.0,0.0,0.0,0.0,0.0,0.0,0.0,0.5,0.5,0.0
71981,0.5,0.0,0.0,0.0,0.0,0.0,0.0,0.0,0.5,0.0
72149,0.5,0.0,0.0,0.0,0.0,0.5,0.0,0.0,0.0,0.0
72346,0.5,0.0,0.0,0.0,0.0,0.0,0.0,0.0,0.5,0.0
72561,0.0,0.0,0.0,0.5,0.0,0.0,0.5,0.0,0.0,0.0
72567,0.0,0.5,0.0,0.0,0.0,0.0,0.0,0.0,0.0,0.5
72848,0.5,0.0,0.0,0.0,0.0,0.0,0.0,0.0,0.5,0.0
73033,0.0,0.0,0.0,0.5,0.0,0.0,0.0,0.0,0.0,0.5
73128,0.5,0.0,0.0,0.0,0.0,0.0,0.0,0.0,0.5,0.0
73212,0.0,0.0,0.0,0.0,0.0,0.0,0.5,0.0,0.5,0.0
73399,0.5,0.0,0.0,0.0,0.0,0.0,0.0,0.0,0.5,0.0
74180,0.0,0.0,0.0,0.0,0.0,0.0,0.5,0.5,0.0,0.0
74308,0.0,0.0,0.0,0.0,0.0,0.0,0.5,0.5,0.0,0.0
74429,0.5,0.0,0.0,0.0,0.0,0.0,0.0,0.0,0.5,0.0
74688,0.5,0.0,0.0,0.0,0.0,0.0,0.0,0.0,0.5,0.0
74811,0.0,0.0,0.0,0.0,0.0,0.0,0.0,0.5,0.5,0.0
74850,0.0,0.0,0.0,0.0,0.0,0.5,0.5,0.0,0.0,0.0
74967,0.5,0.0,0.0,0.0,0.0,0.0,0.0,0.0,0.5,0.0
75678,0.0,0.0,0.0,0.0,0.0,0.0,0.0,0.5,0.0,0.5
75922,0.5,0.0,0.0,0.0,0.0,0.0,0.0,0.5,0.0,0.0
75930,0.0,0.0,0.5,0.0,0.0,0.0,0.0,0.0,0.0,0.5
76012,0.0,0.0,0.0,0.0,0.0,0.0,0.0,0.5,0.0,0.5
76116,0.0,0.0,0.0,0.0,0.0,0.0,0.0,0.5,0.0,0.5
76194,0.5,0.0,0.0,0.0,0.0,0.0,0.0,0.5,0.0,0.0
76272,0.0,0.0,0.0,0.0,0.0,0.0,0.0,0.0,0.5,0.5
76379,0.5,0.0,0.0,0.0,0.0,0.0,0.0,0.5,0.0,0.0
76459,0.0,0.0,0.0,0.5,0.0,0.0,0.0,0.0,0.0,0.5
76733,0.5,0.0,0.0,0.0,0.0,0.0,0.0,0.0,0.5,0.0
76756,0.5,0.0,0.0,0.0,0.0,0.0,0.0,0.5,0.0,0.0
76780,0.5,0.0,0.0,0.0,0.0,0.5,0.0,0.0,0.0,0.0
76973,0.5,0.0,0.0,0.0,0.0,0.0,0.0,0.5,0.0,0.0
77466,0.0,0.0,0.0,0.0,0.0,0.0,0.0,0.5,0.0,0.5
77689,0.5,0.0,0.0,0.0,0.0,0.0,0.0,0.0,0.5,0.0
77764,0.5,0.0,0.0,0.0,0.0,0.0,0.0,0.5,0.0,0.0
77778,0.0,0.0,0.0,0.0,0.0,0.5,0.0,0.0,0.0,0.5
77812,0.5,0.0,0.0,0.0,0.0,0.0,0.0,0.0,0.5,0.0
77897,0.0,0.0,0.0,0.5,0.0,0.0,0.0,0.0,0.0,0.5
77979,0.0,0.0,0.0,0.0,0.0,0.0,0.0,0.5,0.5,0.0
77993,0.0,0.5,0.0,0.0,0.0,0.0,0.0,0.5,0.0,0.0
78055,0.0,0.0,0.0,0.0,0.0,0.0,0.5,0.0,0.0,0.5
78334,0.0,0.5,0.0,0.0,0.0,0.0,0.0,0.0,0.0,0.5
78358,0.0,0.0,0.5,0.5,0.0,0.0,0.0,0.0,0.0,0.0
78585,0.0,0.0,0.0,0.0,0.0,0.0,0.0,0.5,0.0,0.5
78825,0.5,0.0,0.0,0.0,0.0,0.0,0.0,0.5,0.0,0.0
79229,0.5,0.0,0.0,0.0,0.0,0.0,0.0,0.5,0.0,0.0
79241,0.0,0.0,0.0,0.0,0.0,0.5,0.5,0.0,0.0,0.0
79401,0.0,0.0,0.0,0.0,0.0,0.5,0.0,0.5,0.0,0.0
79614,0.0,0.0,0.0,0.0,0.0,0.5,0.0,0.0,0.0,0.5
80246,0.5,0.0,0.0,0.0,0.0,0.0,0.0,0.0,0.0,0.5
80329,0.5,0.0,0.0,0.0,0.0,0.0,0.0,0.5,0.0,0.0
80357,0.0,0.0,0.0,0.5,0.0,0.0,0.5,0.0,0.0,0.0
80394,0.0,0.0,0.0,0.5,0.0,0.0,0.0,0.5,0.0,0.0
80608,0.0,0.0,0.0,0.0,0.0,0.0,0.0,0.5,0.5,0.0
80838,0.5,0.0,0.0,0.0,0.0,0.0,0.0,0.5,0.0,0.0
81161,0.0,0.0,0.0,0.0,0.0,0.0,0.5,0.0,0.0,0.5
81171,0.0,0.0,0.0,0.5,0.0,0.0,0.0,0.0,0.5,0.0
81246,0.0,0.0,0.0,0.0,0.0,0.0,0.5,0.5,0.0,0.0
81488,0.5,0.0,0.0,0.5,0.0,0.0,0.0,0.0,0.0,0.0
81563,0.0,0.0,0.0,0.0,0.0,0.0,0.5,0.0,0.0,0.5
81600,0.0,0.0,0.0,0.5,0.0,0.0,0.5,0.0,0.0,0.0
81953,0.0,0.0,0.0,0.0,0.5,0.0,0.0,0.5,0.0,0.0
82282,0.5,0.0,0.0,0.0,0.0,0.0,0.0,0.0,0.5,0.0
82502,0.0,0.0,0.0,0.0,0.0,0.0,0.0,0.5,0.0,0.5
82599,0.5,0.0,0.0,0.0,0.0,0.0,0.0,0.5,0.0,0.0
82833,0.0,0.0,0.0,0.0,0.0,0.0,0.5,0.5,0.0,0.0
82836,0.0,0.0,0.0,0.5,0.0,0.5,0.0,0.0,0.0,0.0
82873,0.0,0.0,0.0,0.5,0.0,0.0,0.0,0.0,0.0,0.5
83193,0.0,0.0,0.0,0.0,0.0,0.0,0.5,0.5,0.0,0.0
83369,0.0,0.0,0.0,0.0,0.0,0.0,0.0,0.5,0.0,0.5
83399,0.0,0.0,0.0,0.0,0.0,0.0,0.0,0.5,0.5,0.0
83514,0.5,0.0,0.0,0.0,0.0,0.0,0.0,0.5,0.0,0.0
83538,0.5,0.0,0.0,0.0,0.0,0.0,0.0,0.0,0.5,0.0
83554,0.5,0.0,0.0,0.0,0.0,0.0,0.0,0.5,0.0,0.0
83568,0.5,0.0,0.0,0.0,0.0,0.0,0.0,0.5,0.0,0.0
83869,0.0,0.0,0.0,0.0,0.0,0.0,0.5,0.0,0.0,0.5
83954,0.5,0.0,0.0,0.0,0.0,0.0,0.0,0.0,0.5,0.0
83957,0.0,0.5,0.0,0.0,0.0,0.0,0.0,0.0,0.0,0.5
83966,0.0,0.0,0.0,0.0,0.0,0.0,0.0,0.5,0.5,0.0
84102,0.5,0.0,0.0,0.0,0.0,0.0,0.0,0.5,0.0,0.0
84124,0.5,0.0,0.0,0.0,0.0,0.0,0.0,0.5,0.0,0.0
84132,0.5,0.0,0.0,0.0,0.0,0.0,0.0,0.5,0.0,0.0
84143,0.0,0.0,0.0,0.5,0.0,0.0,0.0,0.0,0.5,0.0
84239,0.0,0.0,0.0,0.5,0.0,0.0,0.0,0.5,0.0,0.0
84364,0.0,0.0,0.0,0.5,0.0,0.5,0.0,0.0,0.0,0.0
84500,0.5,0.0,0.0,0.0,0.0,0.0,0.0,0.0,0.5,0.0
84756,0.0,0.5,0.0,0.0,0.0,0.0,0.0,0.0,0.0,0.5
84841,0.0,0.0,0.0,0.0,0.0,0.0,0.5,0.5,0.0,0.0
84845,0.5,0.0,0.0,0.0,0.0,0.0,0.0,0.5,0.0,0.0
85028,0.0,0.0,0.0,0.0,0.0,0.0,0.5,0.0,0.0,0.5
85051,0.0,0.0,0.0,0.0,0.0,0.0,0.0,0.5,0.0,0.5
85082,0.0,0.0,0.0,0.0,0.0,0.0,0.0,0.5,0.0,0.5
85176,0.5,0.0,0.0,0.0,0.0,0.0,0.0,0.0,0.5,0.0
85205,0.5,0.0,0.0,0.0,0.0,0.0,0.0,0.0,0.5,0.0
85535,0.0,0.0,0.0,0.5,0.0,0.0,0.0,0.0,0.5,0.0
85589,0.5,0.0,0.0,0.0,0.0,0.0,0.0,0.5,0.0,0.0
86203,0.5,0.0,0.0,0.0,0.0,0.0,0.0,0.0,0.0,0.5
86663,0.5,0.0,0.0,0.0,0.0,0.0,0.0,0.0,0.5,0.0
86729,0.0,0.0,0.0,0.5,0.0,0.0,0.0,0.0,0.5,0.0
86846,0.0,0.0,0.0,0.5,0.0,0.0,0.0,0.0,0.0,0.5
86990,0.0,0.0,0.0,0.0,0.0,0.0,0.0,0.5,0.0,0.5
87049,0.0,0.0,0.0,0.0,0.0,0.0,0.0,0.5,0.0,0.5
87155,0.5,0.0,0.0,0.0,0.0,0.0,0.0,0.0,0.5,0.0
87175,0.0,0.0,0.0,0.5,0.0,0.0,0.0,0.0,0.5,0.0
87224,0.0,0.0,0.0,0.5,0.0,0.5,0.0,0.0,0.0,0.0
87343,0.0,0.0,0.5,0.0,0.0,0.0,0.0,0.0,0.0,0.5
87359,0.5,0.0,0.0,0.0,0.0,0.0,0.0,0.5,0.0,0.0
87379,0.0,0.0,0.0,0.5,0.0,0.0,0.0,0.5,0.0,0.0
87789,0.0,0.5,0.0,0.0,0.0,0.0,0.0,0.0,0.0,0.5
88000,0.0,0.0,0.0,0.0,0.0,0.0,0.0,0.5,0.0,0.5
88121,0.5,0.0,0.0,0.0,0.0,0.0,0.0,0.0,0.0,0.5
88165,0.0,0.0,0.0,0.0,0.0,0.0,0.0,0.5,0.0,0.5
88199,0.0,0.0,0.0,0.0,0.0,0.0,0.0,0.5,0.0,0.5
88202,0.5,0.0,0.0,0.0,0.0,0.0,0.0,0.0,0.5,0.0
88226,0.0,0.0,0.0,0.0,0.0,0.0,0.0,0.5,0.0,0.5
88468,0.0,0.0,0.0,0.5,0.0,0.0,0.0,0.5,0.0,0.0
88716,0.0,0.0,0.0,0.0,0.0,0.0,0.0,0.5,0.0,0.5
88892,0.5,0.0,0.0,0.0,0.0,0.0,0.0,0.0,0.5,0.0
88961,0.0,0.0,0.0,0.5,0.0,0.0,0.0,0.0,0.5,0.0
89059,0.0,0.0,0.0,0.0,0.0,0.0,0.0,0.5,0.5,0.0
89089,0.5,0.0,0.0,0.0,0.0,0.0,0.0,0.0,0.0,0.5
89322,0.0,0.0,0.0,0.0,0.0,0.5,0.0,0.0,0.0,0.5
89361,0.0,0.0,0.0,0.5,0.0,0.0,0.5,0.0,0.0,0.0
89490,0.0,0.0,0.0,0.5,0.0,0.0,0.0,0.5,0.0,0.0
89518,0.0,0.0,0.0,0.0,0.0,0.0,0.0,0.5,0.5,0.0
89685,0.5,0.0,0.0,0.0,0.0,0.0,0.0,0.5,0.0,0.0
89693,0.0,0.0,0.0,0.0,0.0,0.0,0.0,0.5,0.5,0.0
89901,0.5,0.0,0.0,0.0,0.0,0.0,0.0,0.5,0.0,0.0
90016,0.5,0.0,0.0,0.0,0.0,0.0,0.0,0.5,0.0,0.0
90098,0.5,0.0,0.0,0.0,0.0,0.0,0.0,0.0,0.5,0.0
90127,0.5,0.0,0.0,0.0,0.0,0.0,0.0,0.5,0.0,0.0
90210,0.0,0.0,0.0,0.0,0.0,0.0,0.0,0.5,0.5,0.0
90288,0.0,0.0,0.0,0.5,0.0,0.5,0.0,0.0,0.0,0.0
90381,0.5,0.0,0.0,0.0,0.0,0.0,0.0,0.0,0.5,0.0
90441,0.5,0.0,0.0,0.0,0.0,0.0,0.0,0.0,0.5,0.0
91004,0.5,0.0,0.0,0.0,0.0,0.0,0.0,0.0,0.5,0.0
91082,0.5,0.0,0.0,0.0,0.0,0.0,0.0,0.0,0.5,0.0
91227,0.5,0.0,0.0,0.0,0.0,0.0,0.0,0.0,0.5,0.0
91253,0.5,0.0,0.0,0.0,0.0,0.0,0.0,0.0,0.5,0.0
91258,0.0,0.0,0.0,0.5,0.0,0.0,0.5,0.0,0.0,0.0
91313,0.5,0.0,0.0,0.0,0.0,0.0,0.0,0.0,0.5,0.0
91317,0.5,0.0,0.0,0.0,0.0,0.0,0.0,0.5,0.0,0.0
91403,0.5,0.0,0.0,0.0,0.0,0.0,0.0,0.0,0.5,0.0
91542,0.5,0.0,0.0,0.0,0.0,0.0,0.0,0.0,0.5,0.0
91620,0.5,0.0,0.0,0.0,0.0,0.0,0.0,0.5,0.0,0.0
91759,0.5,0.0,0.0,0.0,0.0,0.0,0.0,0.5,0.0,0.0
91852,0.5,0.0,0.0,0.0,0.0,0.0,0.0,0.5,0.0,0.0
92757,0.5,0.0,0.0,0.0,0.0,0.0,0.0,0.0,0.5,0.0
92838,0.0,0.0,0.0,0.0,0.0,0.0,0.0,0.5,0.0,0.5
92883,0.0,0.0,0.0,0.0,0.0,0.0,0.0,0.5,0.0,0.5
93021,0.0,0.0,0.0,0.0,0.0,0.5,0.0,0.5,0.0,0.0
93276,0.0,0.0,0.0,0.0,0.0,0.0,0.5,0.5,0.0,0.0
93668,0.5,0.0,0.0,0.0,0.0,0.0,0.0,0.0,0.5,0.0
93849,0.0,0.0,0.0,0.0,0.0,0.0,0.0,0.5,0.0,0.5
93957,0.0,0.0,0.0,0.0,0.0,0.0,0.0,0.5,0.0,0.5
94572,0.0,0.0,0.0,0.0,0.0,0.0,0.0,0.5,0.0,0.5
94645,0.5,0.0,0.0,0.0,0.0,0.0,0.0,0.0,0.5,0.0
95223,0.0,0.0,0.0,0.5,0.0,0.5,0.0,0.0,0.0,0.0
96001,0.5,0.0,0.0,0.0,0.0,0.0,0.0,0.5,0.0,0.0
96011,0.5,0.0,0.0,0.0,0.0,0.0,0.0,0.5,0.0,0.0
96016,0.5,0.0,0.0,0.0,0.0,0.0,0.0,0.5,0.0,0.0
96243,0.5,0.0,0.0,0.0,0.0,0.0,0.0,0.5,0.0,0.0
96798,0.0,0.0,0.0,0.0,0.0,0.0,0.0,0.5,0.0,0.5
96889,0.0,0.0,0.0,0.0,0.0,0.0,0.5,0.0,0.5,0.0
97252,0.0,0.0,0.0,0.0,0.0,0.0,0.5,0.5,0.0,0.0
97259,0.0,0.5,0.0,0.0,0.0,0.0,0.0,0.5,0.0,0.0
97341,0.5,0.0,0.0,0.0,0.0,0.0,0.0,0.0,0.0,0.5
97445,0.0,0.0,0.0,0.0,0.5,0.0,0.0,0.0,0.0,0.5
97887,0.5,0.0,0.0,0.0,0.0,0.0,0.0,0.0,0.5,0.0
98336,0.0,0.0,0.0,0.0,0.0,0.0,0.0,0.5,0.0,0.5
98346,0.0,0.0,0.0,0.5,0.0,0.0,0.0,0.0,0.0,0.5
98408,0.5,0.0,0.0,0.0,0.0,0.0,0.0,0.0,0.5,0.0
98447,0.0,0.0,0.0,0.0,0.0,0.0,0.5,0.5,0.0,0.0
98505,0.5,0.0,0.0,0.0,0.0,0.0,0.0,0.0,0.5,0.0
98568,0.0,0.0,0.0,0.0,0.0,0.5,0.0,0.5,0.0,0.0
98674,0.5,0.0,0.0,0.0,0.0,0.0,0.0,0.0,0.5,0.0
98801,0.5,0.0,0.0,0.0,0.0,0.0,0.0,0.5,0.0,0.0
98882,0.0,0.0,0.0,0.5,0.0,0.0,0.0,0.5,0.0,0.0
98959,0.5,0.0,0.0,0.0,0.0,0.0,0.0,0.0,0.5,0.0
99147,0.0,0.0,0.0,0.0,0.0,0.5,0.0,0.5,0.0,0.0
99976,0.0,0.0,0.0,0.0,0.0,0.0,0.0,0.5,0.0,0.5
100014,0.0,0.0,0.0,0.0,0.0,0.0,0.5,0.0,0.0,0.5
100103,0.0,0.0,0.0,0.0,0.0,0.0,0.0,0.5,0.0,0.5
100189,0.0,0.0,0.0,0.0,0.0,0.0,0.0,0.5,0.0,0.5
100193,0.0,0.0,0.0,0.0,0.0,0.0,0.0,0.5,0.5,0.0
100399,0.0,0.0,0.0,0.0,0.0,0.0,0.0,0.5,0.0,0.5
100466,0.0,0.0,0.0,0.5,0.0,0.0,0.0,0.0,0.5,0.0
100530,0.0,0.0,0.0,0.0,0.0,0.0,0.5,0.5,0.0,0.0
100677,0.0,0.5,0.0,0.0,0.0,0.5,0.0,0.0,0.0,0.0
100707,0.0,0.0,0.0,0.0,0.0,0.0,0.5,0.5,0.0,0.0
100725,0.5,0.0,0.0,0.0,0.0,0.0,0.0,0.0,0.5,0.0
100768,0.5,0.0,0.0,0.0,0.0,0.0,0.0,0.0,0.5,0.0
101053,0.5,0.0,0.0,0.0,0.0,0.5,0.0,0.0,0.0,0.0
102284,0.5,0.0,0.0,0.0,0.0,0.0,0.0,0.0,0.5,0.0
102403,0.5,0.0,0.0,0.0,0.0,0.0,0.0,0.5,0.0,0.0
102823,0.5,0.0,0.0,0.0,0.0,0.0,0.0,0.5,0.0,0.0
103056,0.0,0.0,0.0,0.0,0.0,0.0,0.0,0.5,0.5,0.0
103171,0.5,0.0,0.0,0.0,0.0,0.0,0.0,0.0,0.5,0.0
103637,0.5,0.0,0.0,0.0,0.0,0.0,0.0,0.0,0.5,0.0
103758,0.0,0.0,0.0,0.0,0.0,0.5,0.0,0.0,0.0,0.5
103827,0.0,0.0,0.0,0.5,0.0,0.0,0.0,0.0,0.0,0.5
103881,0.5,0.0,0.0,0.0,0.0,0.0,0.0,0.0,0.5,0.0
104074,0.0,0.0,0.0,0.0,0.0,0.0,0.5,0.0,0.0,0.5
104094,0.0,0.0,0.0,0.0,0.0,0.0,0.0,0.5,0.5,0.0
104368,0.0,0.0,0.0,0.0,0.0,0.0,0.0,0.5,0.0,0.5
104644,0.0,0.0,0.0,0.0,0.0,0.5,0.5,0.0,0.0,0.0
105384,0.0,0.0,0.0,0.5,0.0,0.0,0.0,0.0,0.0,0.5
105851,0.0,0.0,0.0,0.0,0.0,0.0,0.0,0.5,0.0,0.5
105897,0.0,0.5,0.0,0.0,0.0,0.5,0.0,0.0,0.0,0.0
105911,0.5,0.0,0.0,0.0,0.0,0.0,0.0,0.5,0.0,0.0
106160,0.5,0.0,0.0,0.0,0.0,0.0,0.0,0.0,0.5,0.0
106261,0.0,0.0,0.0,0.5,0.0,0.0,0.0,0.0,0.5,0.0
106319,0.5,0.0,0.0,0.0,0.0,0.0,0.0,0.0,0.5,0.0
106500,0.0,0.0,0.0,0.5,0.0,0.5,0.0,0.0,0.0,0.0
106538,0.0,0.0,0.0,0.0,0.0,0.0,0.5,0.0,0.0,0.5
106612,0.5,0.0,0.0,0.0,0.0,0.0,0.0,0.0,0.5,0.0
106816,0.5,0.0,0.0,0.0,0.0,0.0,0.0,0.0,0.5,0.0
106847,0.5,0.0,0.0,0.0,0.0,0.5,0.0,0.0,0.0,0.0
107147,0.5,0.0,0.0,0.0,0.0,0.0,0.0,0.0,0.5,0.0
107518,0.0,0.0,0.0,0.0,0.0,0.0,0.5,0.0,0.0,0.5
107563,0.5,0.0,0.0,0.0,0.0,0.0,0.0,0.0,0.5,0.0
107650,0.5,0.0,0.0,0.0,0.0,0.0,0.0,0.0,0.5,0.0
107790,0.5,0.0,0.0,0.0,0.0,0.0,0.0,0.0,0.5,0.0
107949,0.0,0.0,0.0,0.0,0.0,0.5,0.5,0.0,0.0,0.0
108024,0.5,0.0,0.0,0.0,0.0,0.0,0.0,0.5,0.0,0.0
108049,0.0,0.0,0.0,0.0,0.0,0.5,0.5,0.0,0.0,0.0
108507,0.5,0.0,0.0,0.0,0.0,0.0,0.0,0.0,0.5,0.0
108536,0.0,0.0,0.0,0.0,0.0,0.0,0.0,0.5,0.0,0.5
108565,0.0,0.0,0.0,0.0,0.0,0.0,0.5,0.0,0.0,0.5
109060,0.5,0.0,0.0,0.0,0.0,0.0,0.0,0.5,0.0,0.0
109075,0.5,0.0,0.0,0.0,0.0,0.0,0.0,0.0,0.5,0.0
109145,0.0,0.0,0.0,0.0,0.0,0.0,0.0,0.5,0.5,0.0
109163,0.0,0.0,0.0,0.5,0.0,0.0,0.0,0.5,0.0,0.0
109177,0.0,0.0,0.0,0.0,0.0,0.0,0.5,0.0,0.0,0.5
109181,0.0,0.0,0.0,0.0,0.0,0.5,0.5,0.0,0.0,0.0
109237,0.0,0.0,0.0,0.0,0.0,0.0,0.0,0.5,0.0,0.5
109265,0.0,0.0,0.0,0.0,0.0,0.0,0.0,0.5,0.5,0.0
109382,0.0,0.0,0.0,0.5,0.0,0.5,0.0,0.0,0.0,0.0
109570,0.0,0.0,0.0,0.0,0.5,0.0,0.0,0.0,0.0,0.5
109643,0.0,0.0,0.0,0.0,0.0,0.0,0.0,0.5,0.0,0.5
109690,0.5,0.0,0.0,0.0,0.0,0.0,0.0,0.0,0.5,0.0
109762,0.0,0.0,0.0,0.0,0.0,0.0,0.5,0.0,0.0,0.5
109874,0.0,0.0,0.0,0.0,0.0,0.0,0.0,0.5,0.5,0.0
110023,0.0,0.0,0.0,0.5,0.0,0.0,0.0,0.5,0.0,0.0
110079,0.0,0.0,0.0,0.5,0.0,0.0,0.0,0.0,0.0,0.5
110129,0.5,0.0,0.0,0.0,0.0,0.0,0.0,0.0,0.5,0.0
110272,0.0,0.0,0.0,0.0,0.0,0.0,0.0,0.5,0.0,0.5
110277,0.0,0.0,0.0,0.0,0.0,0.0,0.0,0.5,0.5,0.0
110575,0.0,0.0,0.0,0.0,0.0,0.0,0.0,0.5,0.0,0.5
110603,0.0,0.0,0.0,0.0,0.0,0.0,0.5,0.5,0.0,0.0
110763,0.5,0.0,0.0,0.0,0.0,0.0,0.0,0.0,0.5,0.0
110772,0.5,0.0,0.0,0.0,0.0,0.5,0.0,0.0,0.0,0.0
110792,0.0,0.0,0.5,0.0,0.0,0.0,0.0,0.0,0.0,0.5
110920,0.0,0.0,0.0,0.5,0.0,0.0,0.0,0.0,0.0,0.5
111115,0.0,0.0,0.0,0.0,0.0,0.0,0.0,0.5,0.0,0.5
111362,0.5,0.0,0.0,0.0,0.0,0.0,0.0,0.0,0.5,0.0
111405,0.0,0.5,0.0,0.0,0.0,0.0,0.5,0.0,0.0,0.0
111438,0.0,0.0,0.0,0.0,0.0,0.0,0.0,0.5,0.5,0.0
111510,0.0,0.0,0.0,0.0,0.0,0.0,0.0,0.5,0.0,0.5
111662,0.0,0.0,0.0,0.0,0.0,0.5,0.5,0.0,0.0,0.0
111808,0.5,0.0,0.0,0.0,0.0,0.0,0.0,0.0,0.5,0.0
111859,0.0,0.0,0.0,0.0,0.0,0.5,0.0,0.0,0.0,0.5
112309,0.0,0.0,0.0,0.0,0.0,0.0,0.0,0.0,0.5,0.5
112644,0.5,0.0,0.0,0.0,0.0,0.0,0.0,0.0,0.5,0.0
112791,0.0,0.0,0.0,0.5,0.0,0.0,0.0,0.0,0.0,0.5
112947,0.0,0.0,0.0,0.5,0.0,0.5,0.0,0.0,0.0,0.0
113075,0.5,0.0,0.0,0.0,0.0,0.0,0.0,0.5,0.0,0.0
113084,0.5,0.0,0.0,0.0,0.0,0.0,0.0,0.5,0.0,0.0
113175,0.0,0.0,0.0,0.0,0.0,0.0,0.0,0.5,0.0,0.5
113525,0.5,0.0,0.0,0.0,0.0,0.0,0.0,0.5,0.0,0.0
113586,0.0,0.0,0.0,0.0,0.0,0.0,0.0,0.5,0.0,0.5
114722,0.5,0.0,0.0,0.0,0.0,0.5,0.0,0.0,0.0,0.0
115027,0.0,0.0,0.0,0.5,0.0,0.0,0.0,0.5,0.0,0.0
115065,0.0,0.0,0.0,0.0,0.0,0.0,0.5,0.5,0.0,0.0
115507,0.0,0.5,0.0,0.0,0.0,0.0,0.0,0.0,0.0,0.5
115652,0.5,0.0,0.0,0.0,0.0,0.0,0.0,0.0,0.5,0.0
115774,0.5,0.0,0.0,0.0,0.0,0.5,0.0,0.0,0.0,0.0
115782,0.0,0.0,0.0,0.5,0.0,0.0,0.0,0.0,0.5,0.0
116122,0.0,0.0,0.0,0.0,0.0,0.0,0.0,0.5,0.0,0.5
116145,0.0,0.0,0.0,0.5,0.0,0.5,0.0,0.0,0.0,0.0
116379,0.0,0.0,0.0,0.0,0.0,0.0,0.0,0.5,0.0,0.5
116583,0.0,0.0,0.0,0.5,0.0,0.0,0.5,0.0,0.0,0.0
116622,0.5,0.0,0.0,0.0,0.0,0.0,0.0,0.5,0.0,0.0
116833,0.5,0.0,0.0,0.0,0.0,0.0,0.0,0.0,0.5,0.0
116877,0.0,0.0,0.0,0.0,0.0,0.0,0.0,0.5,0.0,0.5
116982,0.0,0.0,0.0,0.0,0.0,0.0,0.0,0.5,0.5,0.0
117023,0.0,0.0,0.0,0.0,0.0,0.0,0.5,0.0,0.0,0.5
117033,0.0,0.0,0.0,0.0,0.5,0.0,0.0,0.5,0.0,0.0
117517,0.5,0.0,0.0,0.0,0.0,0.0,0.0,0.5,0.0,0.0
117945,0.5,0.0,0.0,0.0,0.0,0.0,0.0,0.0,0.5,0.0
117994,0.0,0.0,0.0,0.0,0.0,0.0,0.0,0.5,0.5,0.0
118533,0.0,0.0,0.0,0.0,0.0,0.0,0.5,0.0,0.5,0.0
118982,0.5,0.0,0.0,0.0,0.0,0.5,0.0,0.0,0.0,0.0
119101,0.0,0.0,0.0,0.5,0.0,0.0,0.0,0.0,0.5,0.0
119464,0.0,0.0,0.0,0.5,0.0,0.0,0.0,0.5,0.0,0.0
119533,0.5,0.0,0.0,0.0,0.0,0.0,0.0,0.0,0.5,0.0
120074,0.0,0.5,0.0,0.0,0.0,0.0,0.0,0.0,0.0,0.5
120116,0.0,0.0,0.0,0.5,0.0,0.5,0.0,0.0,0.0,0.0
120168,0.0,0.0,0.0,0.0,0.0,0.5,0.0,0.5,0.0,0.0
120380,0.0,0.0,0.0,0.0,0.0,0.0,0.0,0.5,0.5,0.0
120484,0.0,0.0,0.0,0.0,0.0,0.0,0.5,0.0,0.0,0.5
120613,0.0,0.0,0.0,0.0,0.0,0.0,0.0,0.5,0.0,0.5
120722,0.0,0.0,0.0,0.0,0.0,0.0,0.5,0.0,0.5,0.0
121177,0.5,0.0,0.0,0.0,0.0,0.5,0.0,0.0,0.0,0.0
121193,0.5,0.0,0.0,0.0,0.0,0.0,0.0,0.5,0.0,0.0
121222,0.5,0.0,0.0,0.5,0.0,0.0,0.0,0.0,0.0,0.0
121445,0.5,0.0,0.0,0.0,0.0,0.0,0.0,0.0,0.5,0.0
121485,0.0,0.0,0.0,0.0,0.0,0.5,0.0,0.5,0.0,0.0
121696,0.5,0.0,0.0,0.0,0.0,0.0,0.0,0.0,0.5,0.0
121892,0.0,0.0,0.0,0.0,0.0,0.0,0.5,0.0,0.0,0.5
121916,0.5,0.0,0.0,0.5,0.0,0.0,0.0,0.0,0.0,0.0
122075,0.0,0.0,0.0,0.0,0.0,0.0,0.0,0.5,0.0,0.5
122488,0.0,0.0,0.0,0.0,0.0,0.0,0.0,0.5,0.0,0.5
122576,0.5,0.0,0.0,0.0,0.0,0.0,0.0,0.5,0.0,0.0
123030,0.0,0.0,0.0,0.0,0.0,0.0,0.5,0.5,0.0,0.0
123298,0.5,0.0,0.0,0.0,0.0,0.5,0.0,0.0,0.0,0.0
123441,0.0,0.0,0.0,0.0,0.0,0.0,0.0,0.5,0.0,0.5
123512,0.0,0.0,0.0,0.0,0.0,0.0,0.0,0.5,0.0,0.5
123531,0.5,0.0,0.0,0.0,0.0,0.0,0.0,0.0,0.5,0.0
124045,0.0,0.0,0.0,0.0,0.0,0.0,0.0,0.5,0.5,0.0
124324,0.5,0.0,0.0,0.0,0.0,0.0,0.0,0.0,0.5,0.0
124721,0.0,0.0,0.0,0.0,0.0,0.0,0.0,0.5,0.0,0.5
124883,0.0,0.0,0.0,0.0,0.0,0.0,0.0,0.5,0.0,0.5
124931,0.0,0.0,0.0,0.0,0.0,0.0,0.5,0.5,0.0,0.0
125254,0.0,0.0,0.0,0.0,0.0,0.0,0.5,0.5,0.0,0.0
125402,0.0,0.0,0.0,0.5,0.0,0.0,0.0,0.0,0.0,0.5
126140,0.0,0.0,0.0,0.0,0.0,0.5,0.5,0.0,0.0,0.0
127183,0.0,0.0,0.0,0.0,0.0,0.0,0.5,0.5,0.0,0.0
127218,0.5,0.0,0.0,0.0,0.0,0.0,0.0,0.0,0.0,0.5
127414,0.0,0.0,0.0,0.0,0.5,0.0,0.0,0.5,0.0,0.0
127468,0.0,0.0,0.0,0.0,0.0,0.0,0.0,0.5,0.0,0.5
127521,0.0,0.0,0.0,0.5,0.0,0.0,0.0,0.0,0.5,0.0
127616,0.5,0.0,0.0,0.0,0.0,0.0,0.0,0.0,0.5,0.0
127679,0.5,0.0,0.0,0.0,0.0,0.0,0.0,0.0,0.5,0.0
127744,0.5,0.0,0.0,0.0,0.5,0.0,0.0,0.0,0.0,0.0
128049,0.5,0.0,0.0,0.0,0.0,0.5,0.0,0.0,0.0,0.0
128115,0.0,0.0,0.0,0.0,0.0,0.0,0.5,0.0,0.0,0.5
128905,0.0,0.0,0.0,0.5,0.0,0.5,0.0,0.0,0.0,0.0
129525,0.5,0.0,0.0,0.0,0.0,0.0,0.0,0.0,0.5,0.0
129750,0.0,0.0,0.0,0.0,0.0,0.0,0.0,0.5,0.0,0.5
129884,0.0,0.0,0.0,0.5,0.0,0.0,0.0,0.5,0.0,0.0
130021,0.0,0.0,0.0,0.5,0.0,0.0,0.0,0.5,0.0,0.0
130827,0.0,0.0,0.0,0.0,0.0,0.0,0.5,0.5,0.0,0.0
131247,0.0,0.0,0.0,0.0,0.0,0.0,0.0,0.5,0.5,0.0
131469,0.0,0.0,0.0,0.0,0.0,0.0,0.0,0.5,0.0,0.5
131543,0.5,0.0,0.0,0.0,0.0,0.0,0.0,0.0,0.5,0.0
131694,0.0,0.0,0.0,0.0,0.0,0.0,0.5,0.5,0.0,0.0
131779,0.0,0.0,0.0,0.0,0.0,0.0,0.5,0.0,0.5,0.0
131875,0.0,0.0,0.0,0.0,0.0,0.5,0.0,0.0,0.0,0.5
131941,0.5,0.0,0.0,0.0,0.0,0.5,0.0,0.0,0.0,0.0
132162,0.0,0.0,0.0,0.0,0.0,0.5,0.0,0.0,0.5,0.0
132264,0.0,0.0,0.0,0.0,0.0,0.0,0.0,0.5,0.0,0.5
132771,0.5,0.0,0.0,0.0,0.0,0.0,0.0,0.5,0.0,0.0
133318,0.5,0.0,0.0,0.0,0.0,0.0,0.5,0.0,0.0,0.0
133858,0.5,0.0,0.0,0.0,0.0,0.0,0.0,0.0,0.5,0.0
134357,0.5,0.0,0.0,0.0,0.0,0.0,0.0,0.0,0.5,0.0
134919,0.0,0.0,0.0,0.0,0.0,0.0,0.5,0.5,0.0,0.0
135315,0.0,0.0,0.0,0.0,0.0,0.0,0.0,0.5,0.5,0.0
135800,0.5,0.0,0.0,0.0,0.0,0.0,0.0,0.0,0.5,0.0
136088,0.0,0.0,0.0,0.0,0.0,0.0,0.0,0.5,0.0,0.5
